hashtag,inputUrl,id,shortCode,type,ownerUsername,ownerFullName,caption,url,likesCount,commentsCount,videoViewCount,timestamp,locationName
,https://www.instagram.com/explore/search/keyword/?q=3Dprinting,3665026210867211528,DLcyeuvPG0I,Image,sculptedgeofficial,SculptEdge,"Meet our 3D printed dragon ‚Äì a project we absolutely loved working on here at SculptEdge. Crafted with precision and passion, this mighty beast is more than just a model ‚Äî it‚Äôs a symbol of what imagination and technology can create together. From intricate scales to those fierce wings, every detail was brought to life layer by layer with high-quality bioplastic filament.  Whether you're into fantasy, collectibles, or just love seeing what's possible with 3D printing this one's for you!  @bambulab_official @fibreel3dfilament @makerworld_ stormfang dragon.3mf   #3dprinted #3dprinting #sculptture #figurine #3dmodel",https://www.instagram.com/p/DLcyeuvPG0I/,80,7,,2025-06-28T15:39:52.000Z,
,https://www.instagram.com/explore/search/keyword/?q=3Dprinting,3750380000357875447,DQMBr1uD373,Sidecar,cults3d,Cults,"üñ®Ô∏è Mobile Printer Cart for Bambu X1C, P1S, & X1E ‚Ä¢ STP files ‚û°Ô∏è Download 3D print model: https://cults3d.com/:2955642 üí° Designed by mitchulze #3DPrinting #3DPrinter #Printable #STLfile",https://www.instagram.com/p/DQMBr1uD373/,1486,16,,2025-10-24T10:02:43.000Z,
,https://www.instagram.com/explore/search/keyword/?q=3Dprinting,3710108686502106585,DN89DGBDJXZ,Sidecar,super_laserkatz,Super...Laserkatz,"Ich hab einen neuen Lampenschirm f√ºr dich üòò Den aus meinem letzten reel, in dem ich zeige wie man diese lichtdurchl√§ssige Korbstruktur in Fusion zeichnen kann üòª Ich lade die Dateien der kompletten Lampe dieses Wochenende bei Makerword hoch ü´∂ #cozy #lampshade #3dprinting",https://www.instagram.com/p/DN89DGBDJXZ/,2248,24,,2025-08-29T20:30:42.000Z,
,https://www.instagram.com/explore/search/keyword/?q=3Dprinting,3714155485554402650,DOLVLxVCeVa,Sidecar,designwanted,DesignWanted,"3D-printed using a bioplastic derived from renewable resources such as cornstarch and sugarcane, this design conveys both the solidity of a cubic silhouette and the softness of bubble-like geometry.  Mellow by Dehgraf Studio  #designwanted #design #lightingdesign #3dprinting _____  @DesignWanted is a Milan-based design magazine exploring product trends, innovations, and connecting the design community on a global scale.  üì¨ Pitch your design: designwanted.com/submit-news ü§ì Read our articles on designwanted.com ¬©Ô∏è DM us if there are any missing credits",https://www.instagram.com/p/DOLVLxVCeVa/,2824,17,,2025-09-04T10:31:02.000Z,
,https://www.instagram.com/explore/search/keyword/?q=3Dprinting,3689822566001143332,DM04hMCt-4k,Sidecar,_forma_studios,FORMA Studios,Welcome Rayo by FORMAstudios - 3dprintable elegant organizer. Available @thangs3d #3dprinting #homedecor,https://www.instagram.com/p/DM04hMCt-4k/,360,5,,2025-08-01T20:45:48.000Z,
,https://www.instagram.com/explore/search/keyword/?q=3Dprinting,3707994970848928326,DN1cce6YqJG,Image,lycan_3d,Lycan_3D,Algunos de los minis que armamos y se vienen m√°s modelos   #lycan_3d #lycan3d #impresion3d #3dprinter #3dprint #3dprinting,https://www.instagram.com/p/DN1cce6YqJG/,644,22,,2025-08-26T22:31:07.000Z,
,https://www.instagram.com/explore/search/keyword/?q=3Dprinting,3710692775387067310,DN_B2tLjfOu,Sidecar,anaceciliaartiaga,Mentoria e Curso de Design de Joias,"A look into the future of luxury, material, and identity.  The full article in English is in my newsletter.  üì≤Subscribe to read it and access more content like this (Link in bio)   . #jewelrydesign #jewelry #future #trends #technology #3dmodeling #3dprinting #goldsmithing #moissanite #jewelryindustry #marketinsights",https://www.instagram.com/p/DN_B2tLjfOu/,10638,175,,2025-08-30T15:51:11.000Z,
,https://www.instagram.com/explore/search/keyword/?q=3Dprinting,3756308816540722197,DQhFveEk-QV,Image,grumpii.art,Grumpii,"2025 November Release - Viking Dragons These dragons are inspired by Viking axe, helmet, ship and animal that would exist in the Viking world.  #grumpii #dragon #viking #sheep #3dprinting #3dprints #3dprintingcommunity #arttoy #toyart #designertoy #toyartist #figurine #resintoy #dinosaur #lizard",https://www.instagram.com/p/DQhFveEk-QV/,15472,94,,2025-11-01T14:22:07.000Z,
,https://www.instagram.com/explore/search/keyword/?q=3Dprinting,3749359380501548483,DQIZn3aEs3D,Sidecar,itsmikelake,Mike Lake,"We‚Äôve made massive moves with the 3d printed GT3D RS build over the past few weeks and the feedback has been insane üôèüèª Next up, the rear end & spoiler üëÄ  #3dprinting #3dprints #gt3rs #porsche #supercar",https://www.instagram.com/p/DQIZn3aEs3D/,3884,73,,2025-10-23T00:14:49.000Z,
,https://www.instagram.com/explore/search/keyword/?q=3Dprinting,3743296201434124072,DPy3A_3jM8o,Sidecar,fornice_objects,Fornice Objects,"From recycling comes a new form. The Issey Vase takes shape through 3Dprinting in PET, a material made from regenerated plastic bottles. After printing, each piece is hand-dyed ‚Äî the color moves freely across the surface, recalling the shifting shades of water. Each vase is different, because every gesture is unique. üí¶  #madeinitaly #3dprinting #recycle",https://www.instagram.com/p/DPy3A_3jM8o/,1075,13,,2025-10-14T15:28:22.000Z,"Ravenna, Italy"
,https://www.instagram.com/explore/search/keyword/?q=aitool,3703296825282377194,DNkwNd4ybXq,Sidecar,immanuel_mg,Immanuel Manurung,5 Formula prompt efektif pake GPT-5 buat optimize waktu kerjaku‚òùüèªüöÄ . ‚ú® Jangan lupa: üíæ Save biar gampang diakses kapan aja! üì¢ Share ke teman yang butuh ini! üîî Follow @immanuel_mg supaya gak ketinggalan update üí¨ Komen ‚ÄúINFO‚Äù Buat ikutan Komunitasnya . #ai #aitools #aitool #aiprompts #productivity #aitips #PersonalBranding #AIPersonalBrand #InstagramGrowth #ContentStrategy #digitalcreator #chatgptprompt,https://www.instagram.com/p/DNkwNd4ybXq/,2567,174,,2025-08-20T10:56:45.000Z,
,https://www.instagram.com/explore/search/keyword/?q=aitool,3765420174146215913,DRBdbLGEx_p,Sidecar,koleksi_ai,KoleksiAI | Visual AI untuk Entrepreneur & Content Creator,"Komen ""Smart"" dan dapetin formula smart prompt buat bikin visual AI premium  Save aja post-an ini siapa tau nanti butuh üòä  Follow @koleksi_ai untuk dapetin prompt AI tiap hari !!!  #chatgpt #ghibli #imagegeneration #chatgpt4 #imageart #aitool #chatgpttutorial #ai #aiimage #ghiblistudio #aimemes #trend #studioghibli #designdex #trend #AlArt #ProductDesign #MidjourneyPrompt #chatgptprompt #DigitalArt #AlContent #CreativeMarketing",https://www.instagram.com/p/DRBdbLGEx_p/,142,153,,2025-11-14T04:04:45.000Z,
,https://www.instagram.com/explore/search/keyword/?q=3Dprinting,3713438715139112676,DOIyNY3DL7k,Video,azurefilm3d,AzureFilm,"This Trick Makes ASA & ABS 3D Prints Look Factory Made üò≤ No sanding. No filler. Just pure glossy perfection. üí° With one simple trick, your ASA and ABS 3D prints can go from ‚Äúobviously 3D printed‚Äù to ‚Äúdid that come out of an injection mold?‚Äù  In this video I show you exactly how I acetone vapor smooth my 3D prints so the layer lines vanish and the surface shines. It is easy to set up and the results are insane.  Here is what you need to follow along: ‚Ä¢ üß≤ Magnets ‚Ä¢ üßª Paper towels ‚Ä¢ ü´ô A container that can handle acetone (mine is certified plastic but glass works too) ‚Ä¢ ‚¨Ü A small platform to raise your prints ‚Ä¢ üíß Acetone ‚Ä¢ ü•Ω Gloves and safety glasses  Step-by-step:  Hang the paper towels inside the container with magnets.  Place your models on the raised platform so vapor can wrap evenly around them.  Pour acetone onto the paper towels carefully, avoiding drips on the prints.  Let the vapor do its work. This can take 10 minutes or several hours depending on how glossy you want them. Mine stayed in for 5 hours.  Let the prints rest for a couple of hours after smoothing so they fully harden again.  ‚ú® The results: ASA and ABS came out at a perfect 10 out of 10 on the smoothness scale. They look professionally made with zero visible layer lines.  ‚ö† Safety first: acetone vapors are not to be messed with. Always work in a well ventilated space and keep away from sparks or flames.  This technique is a game changer for cosplay props, display pieces, and any functional part that needs a clean, professional look. Once you try it, you will never want to leave your ASA or ABS prints unfinished again  Buy here:  https://azurefilm.com/3d-filaments/asa-filaments/ https://azurefilm.com/3d-filaments/abs-filaments/  #azurefilm #tipsandtricks #3Dprinting #asa #abs #acetone",https://www.instagram.com/p/DOIyNY3DL7k/,318178,949,4147896,2025-09-03T10:52:42.000Z,"Ljubljana, Slovenia"
,https://www.instagram.com/explore/search/keyword/?q=3Dprinting,3688955199998084000,DMxzTWgN0Og,Sidecar,aurapol3d,AURAPOL 3D Filament,"Vases printed in our Wood Cork, Wood Bamboo, and Wood Pine PLA. Clean lines, soft matte finish, and warm tones that show off the texture straight from the printer.   Printed by @simiu3d   #3dprinting #3dprinted #pla #filament #homedecor #3ddruck",https://www.instagram.com/p/DMxzTWgN0Og/,1016,9,,2025-07-31T16:02:30.000Z,
,https://www.instagram.com/explore/search/keyword/?q=aitool,3712566087927345868,DOFry_cEjLM,Sidecar,hartimesocial,Harsimran ‚ö°Ô∏è | Social Media Consultant & Marketing Strategist,Make your own little world üåç Comment ‚¨áÔ∏è‚¨áÔ∏è  Would you try this amazing AI trend?  So easy to do just upload your photo and copy this prompt. Enter your field. And done. ‚úÖ   Super simple for any business owner and for creators !  Comment to get the template prompt ‚¨áÔ∏è #ContentCreators #ChatGPTPrompts #AITool,https://www.instagram.com/p/DOFry_cEjLM/,963,170,,2025-09-02T05:53:07.000Z,
,https://www.instagram.com/explore/search/keyword/?q=aitool,3754768361902074686,DQbne55DGs-,Image,natan_mohart,Natan Mohart | Personal Growth & Mindset,"10 Mental Traps That Quietly Control Your Thinking  Our brain is not a tool for truth, it is a tool for survival. It doesn‚Äôt look for what‚Äôs right, it looks for what‚Äôs fast.  Every decision passes through hidden filters. They save energy but distort perception.  That‚Äôs why smart people make stupid mistakes. Not because they‚Äôre stupid, but because they‚Äôre human.  Here are 10 traps we all fall into:  1. Confirmation Bias ‚Ü≥ you only notice what confirms your beliefs.  2. Dunning‚ÄìKruger Effect ‚Ü≥ the less you know, the more confident you feel.  3. Sunk Cost Fallacy ‚Ü≥ you keep going simply because you‚Äôve already invested.  4. Negativity Bias ‚Ü≥ one bad event outweighs ten good ones.  5. Anchoring Bias ‚Ü≥ the first number or idea distorts everything that follows.  6. Halo Effect ‚Ü≥ charisma makes you believe in competence.  7. Authority Bias ‚Ü≥ you trust confidence, not accuracy.  8. Availability Heuristic ‚Ü≥ what‚Äôs easier to recall feels more true.  9. Groupthink ‚Ü≥ you stay silent to fit in.  10. Survivorship Bias ‚Ü≥ you study the winners and forget the ones who didn‚Äôt make it.  Our brain was built to survive, not to understand. Awareness is the only way out of this game.  Below is the infographic with a deeper breakdown of each trap, with examples and simple ways to spot and neutralize them.  üí¨ Which of these traps do you fall for most often?  ‚Äî @natan_mohart",https://www.instagram.com/p/DQbne55DGs-/,1517,13,,2025-10-30T11:21:30.000Z,
,https://www.instagram.com/explore/search/keyword/?q=aitool,3745417568661273056,DP6ZW9Dj_ng,Video,aevytvdaily,AevyTV,This might be the EASIEST way to build an app‚Ä¶Watch this!  . . . . . #ad #emergent #aitool #nocode,https://www.instagram.com/p/DP6ZW9Dj_ng/,11215,48,88122,2025-10-17T13:45:18.000Z,
,https://www.instagram.com/explore/search/keyword/?q=aitool,3757401939320701510,DQk-Sf_kwJG,Sidecar,shreyaslarer,Shreyas l arer,"Comment ‚ÄúFree Tools‚Äù below to get the full, exclusive list of 40+ FREE AI tools sent directly to your DMs! üì©  #ai #ai4career #aitools #aitool",https://www.instagram.com/p/DQk-Sf_kwJG/,306,58,,2025-11-03T02:33:57.000Z,
,https://www.instagram.com/explore/search/keyword/?q=aitool,3753863198953493721,DQYZrDNCNTZ,Sidecar,thezamizafar,Zumar | AI & Design,"Comment ‚ÄúFormula‚Äù if you want the client flow formula.  Sometimes we get so caught up mastering every AI tool, learning new techniques, and creating things that actually look incredible yet still, finding clients feels harder than building what we create. It‚Äôs not that we aren‚Äôt good enough; it‚Äôs that somewhere along the way, we forget to define what problem we truly solve.  Clients don‚Äôt buy tools they buy clarity. They care about transformation, not the process. We can have the most advanced AI setups, but if our direction is off and we‚Äôre not showing the result we bring, everything starts to blend into the noise.  The truth is, talent without a system ends up relying on luck. We can be highly skilled, but without a simple structure ‚Äî a clear offer, consistent outreach, honest follow-ups, and a smooth delivery process consistency never sticks.  When we shift from showing tools to showing transformation, when our message focuses on the outcome instead of the method, that‚Äôs when clients begin to lean in.   They stop seeing us as just ‚ÄúAI creators‚Äù and start recognizing us as people who can actually solve their problems.  Clarity creates clients. Systems keep them coming.  #generativeai #promptengineering #findclients #aitool #aicreator #aiartist #aicontentcreator #aimarketing #aivisuals #aidesign #aifreelancer",https://www.instagram.com/p/DQYZrDNCNTZ/,297,183,,2025-10-29T05:23:06.000Z,
,https://www.instagram.com/explore/search/keyword/?q=aitool,3747622773573383745,DQCOw6LAXZB,Sidecar,kerjapake.ai,Kerjapake AI | AI Upskilling Community,"STOP pakai browser jadul! üö´‚ú® Upgrade ke Comet AI Browser dan bikin kerjaan kamu ngebut ‚ö°dari nulis script, beresin email, sampai riset, semuanya dibantu AI dalam 1 tempat. Plus, Gratis fitur Pro 1 bulan! üî•  Ketik""Browser"" biar minai kirimin akses Comet AI browser gratis 1 bulan ke DM kalian ya!  #KerjapakeAI #cometbrowser #perplexity #aitool",https://www.instagram.com/p/DQCOw6LAXZB/,63,16,,2025-10-20T14:44:30.000Z,
,https://www.instagram.com/explore/search/keyword/?q=aitool,3215804234904826182,Cyg1OngsvFG,Video,aicenturyclips,AI Century | Teaching Creators & Brands Generative AI,Comment the word ‚ÄúAI‚Äù and i will tell you which AI tools he‚Äôs usingüí° - #ai #aitools #aitool #chatgpt #chatgpt4 #chatbots #openai #chatAI #aItools #texttospeech #texttovideo #aInews,https://www.instagram.com/p/Cyg1OngsvFG/,73915,2170,1215240,2023-10-17T20:18:00.000Z,
,https://www.instagram.com/explore/search/keyword/?q=3Dprinting,3748327744758455017,DQEvDlwEZrp,Video,forgecoreco,Colby Geary,Want to get started with 3D printing? Comment ‚Äú3D Printer‚Äù and i‚Äôll dm you my recommendations on how to get started.  . All the files for these designs are at the link in my bio  #3dprinting,https://www.instagram.com/p/DQEvDlwEZrp/,534858,1914,6736813,2025-10-21T14:07:39.000Z,
,https://www.instagram.com/explore/search/keyword/?q=3Dprinting,3758410333116207991,DQojkj5jJN3,Sidecar,parametric.architecture,Parametric Architecture,"‚ôüÔ∏èThe Dune Chess Set, created by @nobleturnerdesign using Quartz 3D printing technology, combines tactile engagement with the elemental beauty of sand. Inspired by the fluid, ever-changing nature of sand, the set captures the evolving dynamics of a chess game. Through advanced 3D sculpting, rippled textures distinguish the pieces and spaces, reflecting the material‚Äôs natural qualities.  This design prioritizes touch over polished surfaces, offering a unique sensory experience. The Dune Chess Set, finalized in 2024, challenges traditional luxury design with its raw, tactile appeal.   üöÄJoin @thepaacademy‚Äôs workshops to learn the most advanced tools in architecture from pioneering architects and designers!  #DuneChessSet #3DPrinting #TactileDesign #DesignInnovation #Quartz3DPrinting",https://www.instagram.com/p/DQojkj5jJN3/,3424,22,,2025-11-04T11:57:27.000Z,
,https://www.instagram.com/explore/search/keyword/?q=aitool,3733064226001450533,DPOgiKKiPYl,Sidecar,aitrendz.xyz,Ren√© Remsik,"RIP traditional coding? üíÄ  Here are the most popular vibe coding tools you can use to code for you ü§ô   Which one is your favorite? Let us knowüëá  If you‚Äôd add some vibe coding tool to the list, comment belowüëá  Follow @aitrendz.xyz & @moneytrendz.ai for more üôå  #vibecoding #vibecoder #vibecode #aicoding #aicode #aitools #ai #aitool #future #startups",https://www.instagram.com/p/DPOgiKKiPYl/,33841,230,,2025-09-30T12:39:15.000Z,
,https://www.instagram.com/explore/search/keyword/?q=aitool,3762095862436774957,DQ1pkEjgsQt,Sidecar,theaipage,¬© The AI Page üëΩ,"Comment ‚ÄúSymptom‚Äù and we‚Äôll send you the link.  @mysymptom.ai is a new health tool that helps you understand your symptoms in seconds.  Upload a photo or describe how you feel, and the AI instantly analyzes patterns, identifies possible causes, and gives clear next steps ‚Äî all privately and securely.  It‚Äôs like having a doctor in your pocket ‚Äî fast, accurate, and built for clarity, not confusion.  üîó https://mysymptom.ai  #MySymptomPartner #AiTool #Ai #MySymptomAi",https://www.instagram.com/p/DQ1pkEjgsQt/,-1,26,,2025-11-09T13:59:56.000Z,
,https://www.instagram.com/explore/search/keyword/?q=aitool,3765709466164276384,DRCfM7SDCyg,Sidecar,ujjwalkhatri_12,Ujjwal Khatri,"üö®TUTORIAL ALERT!!!üö® Comment ""GEM"" for the Project File Link.  Tutorial we all have been waiting for!!!!  Step-By-Step Guide on:  How to create a 3D Anime Crystal in Adobe After Effects?  Step 1- Create a crystal shape using the pen tool. Draw a mask over it, turn on the 3D switch, and add stroke effect on it.  Step 2- By rotating the shapes inwards, create a 3D crystal-like shape; the points of each shape should be connected. Make a similar crystal but with a fill in another comp.  Step 3- Duplicate both stroke and fill comps and link both of them to a Null object, and flip it to form a whole crystal.  Step 4- Add 2 point lights to give some depth and a crystal-like hue.  Step 5- Add roughen edges to the stroke comp and change the blending mode to overlay.  Step 6- Add a Deep glow to the crystal using an adjustment layer.   Step 7- Add Twinkly sparkles to the crystal to give it a shinier look.  The Anime Crystal Is Ready!!!!  Try creating by yourself! Don't forget to tag me!!  Happy to help!  #tutorials #tutorial #tip #crystallove #crystal #adobeaftereffects #adobe #aftereffectsedit #aftereffect #3D #2d #animate #animated #animationart #animations #animefans #animefanart #freelancer #brandname #ujjwalkhatri_12",https://www.instagram.com/p/DRCfM7SDCyg/,9012,742,,2025-11-14T13:39:31.000Z,United States of America
,https://www.instagram.com/explore/search/keyword/?q=aitool,3713466499794604628,DOI4htVkhJU,Sidecar,ngertive.ai,Ngertive | AI Tools & Tips,"Capek liat orang lain sat-set pakai AI, sementara hasil prompt-mu masih ‚Äúgitu-gitu aja‚Äù? Kamu nggak sendirian. Seringkali, masalahnya bukan di AI-nya, tapi di cara kita ‚Äúngobrol‚Äù dan memberi perintah.  Di postingan ini, aku bongkar 6 ‚Äúrumus‚Äù atau framework berpikir yang bakal ngubah total caramu menggunakan AI. Bukan cuma teori, tapi lengkap sama contoh kasus yang bisa langsung kamu praktekkin. Siap-siap bikin teman kantormu kaget.  üëá Gimana menurutmu? Rumus mana yang bakal kamu coba duluan? Komen di bawah!  üíæ Save postingan ini biar nggak hilang pas lagi butuh ‚Äúcontekan‚Äù prompt.  #ai #aitools #aitool #aiprompts #productivity #aitips #PersonalBranding #AIPersonalBrand #InstagramGrowth #ContentStrategy #digitalcreator #chatgptprompt",https://www.instagram.com/p/DOI4htVkhJU/,112800,170,,2025-09-03T11:42:04.000Z,
,https://www.instagram.com/explore/search/keyword/?q=aitool,3592898905751329248,DHcioTPMpng,Video,nick_saraev,Nick Saraev,"Comment SLIDES to get this Free AI Presentations Generator.   This AI tool makes creating presentations super easy. You can have a polished presentation ready in under 30 seconds. Sounds too good to be true? Let me break it down for you.  First, head over to the website. You‚Äôll see a simple box where you can type in your presentation topic. It could be anything‚Äîa school project, a business pitch, or even a fun idea for a party.  Once you enter your topic, the AI gets to work. It drafts an outline for you. This outline is not set in stone. You can edit it however you like. Want to add a point? Go for it. Want to remove something? Easy.  Next up, pick a theme. There are plenty to choose from. Whether you want something sleek and professional or colorful and fun, there‚Äôs a theme for you.  Then, hit generate. Just like that, your presentation is ready! It includes all the content, images, and animations you need.   I remember when I first tried it for a school project. I was amazed at how quickly everything came together. No stress, no fuss‚Äîjust great slides ready to impress.  In short, this tool is perfect for anyone who needs a quick and effective presentation. Give it a try.  #gammaai #aivisuals #aigraphics #aipreasentations #aigraphics #aiindia #aitools #ainews #aicommunity #aippt",https://www.instagram.com/p/DHcioTPMpng/,997,714,12742,2025-03-21T03:16:15.000Z,
,https://www.instagram.com/explore/search/keyword/?q=aitool,3755066720160540766,DQcrUlrD2he,Sidecar,uncover.ai,AI Tools & News | Technology | Artificial Intelligence,"Someone asked ChatGPT how to live to 140 years, and the reply wasn‚Äôt about money, genetics, or extreme diets.  After studying data from the world‚Äôs longest-living regions, it pointed to one truth: emotional balance matters more than physical perfection. The people who live longest focus on peace, purpose, and connection, not biohacking or restriction.  Their secret isn‚Äôt hidden in supplements or routines. It‚Äôs in living authentically, reducing stress, nurturing real relationships, and doing what genuinely feels right every day. That‚Äôs the quiet formula for a longer, happier life.  üëâ Follow @uncover.ai to stay updated with the latest AI news  Source: @ingeni.academia",https://www.instagram.com/p/DQcrUlrD2he/,17737,351,,2025-10-30T21:14:17.000Z,
,https://www.instagram.com/explore/search/keyword/?q=aitool,3684598301644346767,DMiUqIthNWP,Video,thevarunmayya,Varun Mayya,"GitHub just launched Spark. A ‚Äúprompt to production‚Äù AI tool that builds and deploys full-stack apps within minutes, and with just one prompt.",https://www.instagram.com/p/DMiUqIthNWP/,121874,371,922526,2025-07-25T15:48:42.000Z,
,https://www.instagram.com/explore/search/keyword/?q=aitool,3749072916542525948,DQHYfRDjhH8,Sidecar,uncover.ai,AI Tools & News | Technology | Artificial Intelligence,"While tech giants like Nvidia and OpenAI dominate headlines, the real backbone of the AI revolution sits in the Netherlands, quietly shaping the future of every chip that powers modern computing.  ASML is the only company capable of producing extreme ultraviolet lithography machines, the most advanced manufacturing tools ever built, used to print the billions of microscopic transistors inside AI chips.  Its technology is so complex and unmatched that even the world‚Äôs biggest chipmakers, including TSMC, Samsung, and Intel, depend entirely on it to produce next-generation semiconductors.  With soaring demand from the AI boom and geopolitical powers fighting for access, ASML has become not just a supplier but the gatekeeper of the global technology race.  We cover more such insights in our AI newsletter.  Want to join for free?  Comment ‚ÄúNEWSLETTER‚Äù and I‚Äôll send you the link.  ‚Äî  Source: https://www.investopedia.com/asml-7971466",https://www.instagram.com/p/DQHYfRDjhH8/,25875,620,,2025-10-22T14:45:40.000Z,
,https://www.instagram.com/explore/search/keyword/?q=aitool,3732427671482223950,DPMPzEkiU1O,Sidecar,ai_creation_lab,AI Toolsüîπ Artificial intelligence üîπ Smart Web,"100+ trending AI Tools & Websites for Entrepreneurs, Content Creation, Video Editing, and More to Boost Productivity and Income  ‚ù§Ô∏è Comment 'AI' I'll send you the link   Follow @ai_creation_lab / @ai_gridx for more AI tools/ Websites / AI News/ AI Course   #AITools #aitool #AIWebsites #BusinessAI #ProductivityTools #ContentCreationAI #VideoEditingAI #AIForBusiness #AIProductivity #AIAutomation #AIContentTools #AIVideoTools #WorkSmarterWithAI #DigitalTools #TechForBusiness #AIResources #AIInnovation #AIWorkflow #AIContentCreation #VideoEditingTools #AIProductivityTools #aicourse #aicourses #entrepreneurship #entrepreneurs #Entrepreneur",https://www.instagram.com/p/DPMPzEkiU1O/,851,213,,2025-09-29T15:34:32.000Z,
,https://www.instagram.com/explore/search/keyword/?q=3Dprinting,3748516916256853017,DQFaEZcCEwZ,Video,siefshome,SIFRA,OMG how cool is this?! I looove how the prints turned out ü§ç  This @bambulab_official A1 combo printer is seriously the best! Can‚Äôt wait to create more ‚ú®  Filament I used: Bambu PLA matte - bone white  |ad #bambulab  #bambulestmakeit  #3dprinting  #3dprint,https://www.instagram.com/p/DQFaEZcCEwZ/,64128,457,1296907,2025-10-21T20:23:17.000Z,
,https://www.instagram.com/explore/search/keyword/?q=aitool,3747003206530572395,DQAB5BZgSBr,Image,getintoai,Artificial Intelligence | AI,"Mastering AI prompts is a game-changer! üöÄ  Each AI tool has its own prompting nuances to get the best results. If you‚Äôve been struggling to get exactly what you need from ChatGPT, Perplexity, Grok, or Gemini, this cheat sheet is for you.  Here‚Äôs a simple, step-by-step breakdown to help you prompt like a pro for each platform, saving you time and boosting your output!  Follow @getintoai for more essential AI tips!  #aiprompt #promptengineering #chatgpt #perplexity #grok #gemini #ai #aitools #artificialintelligence #aitips #productivity",https://www.instagram.com/p/DQAB5BZgSBr/,997,10,,2025-10-19T18:13:31.000Z,
,https://www.instagram.com/explore/search/keyword/?q=3Dprinting,3733911438910628765,DPRhKurCSOd,Sidecar,noctura.luxe,Noctura Luxe,"Think 3D Prints Look Cheap? Here are 4 tips on how to take your home decor prints to the next level and add a premium feel!  Plus get a sneak peek at my new project of a Concrete collection (Slide 5) that I am excited to perfect and release more than just lamps‚Ä¶.. that‚Äôs all I‚Äôll say for now.  Now I know there‚Äôs countless more ways to do this, but here are just 4 of my go-to‚Äôs.   #3dprinting #3dprintinglife #3dprintingideas",https://www.instagram.com/p/DPRhKurCSOd/,627,3,,2025-10-01T16:42:31.000Z,
,https://www.instagram.com/explore/search/keyword/?q=3Dprinting,3701032946955655562,DNctds5TxmK,Video,printsculptors,Darshan Patel,6 Satisfying 3D Printed Fidget Toys You Need to See üëÄ #3dprinting #fidgettoys #satisfying,https://www.instagram.com/p/DNctds5TxmK/,517619,2565,6807317,2025-08-17T08:00:04.000Z,"Auckland, New Zealand"
,https://www.instagram.com/explore/search/keyword/?q=3Dprinting,3589089760989754332,DHPAh8uyTPc,Image,nostalgic_3dmodels,Nostalgic 3D Models,@phrozen3d recently used our 'Ghost Trio' cards to showcase their Aqua Series Resin! üëæüëª  Files available on Pixup! @pixup3d Link in bio.  #3dprinted #cults3d #fdmprinting #fantasy #3mf #tabletop #paint #painting #pokemon #pok√©mon #pokemoncards #pokemontcg #toy #gift #gifts #patreon #patreon #sculpt #3dprinting #3mf #gastly #haunter #gengar #ghost #spooky #halloween #scary #gameboy #gameboycartridge #nintendo #phrozen #phrozen3d,https://www.instagram.com/p/DHPAh8uyTPc/,4550,47,,2025-03-15T21:07:42.000Z,
,https://www.instagram.com/explore/search/keyword/?q=3Dprinting,3731010792104695204,DPHNow0jJWk,Sidecar,makeingarage,Paolo Mazzoleni,"üü®üü©‚¨õ Pad per il vuoto 3D printed Un sistema semplice ed efficace per tenere fermi i pezzi durante lavorazioni e test. ‚öôÔ∏è Funzionano collegandoli a una pompa da 40 L/min, creando il vuoto all‚Äôinterno della camera. Il cordino in neoprene garantisce la tenuta. ‚úçÔ∏è Progettati e stampati interamente in 3D. Il design modulare permette di usarne uno solo o pi√π pad in parallelo, a seconda delle dimensioni del pezzo. ‚úÖ Stampa 3D ‚Üí personalizzazione colori  ‚úÖ Sistema modulare ‚úÖ Pratici, leggeri e riutilizzabili  Se ti piace il progetto fammelo sapere con un ‚ù§Ô∏è o un commento! üëâ Da domani saranno disponibili in download gratuito sul mio profilo MakerWorld. üîó Link in bio!  #3dprinting #maker #vacuum #cnc #3dprint #workshoptools #stampa3d #diyprojects #3dprinted #makeingarage",https://www.instagram.com/p/DPHNow0jJWk/,1423,33,,2025-09-27T16:39:27.000Z,San Martino in Strada -Lo-
,https://www.instagram.com/explore/search/keyword/?q=3Dprinting,3762129744243326498,DQ1xRHcjf4i,Sidecar,spw3dprints,SPW Prints,With a lot of mechanic feedback and testing in the workshop the disc brake organiser has been updated.  . Rotor storage 140-203mm .Labeled front and rear  .Universal pad storage with retention . . Link to eBay shop in bio  . . #spwprints #bicycle #bicyclemechanic #toolboxwars #bicyclemechanics #3dprinting,https://www.instagram.com/p/DQ1xRHcjf4i/,2181,82,,2025-11-09T15:07:15.000Z,
,https://www.instagram.com/explore/search/keyword/?q=aitool,3721485036735455402,DOlXuxzjGCq,Image,smarts.ai,Trending AI Tools & News üöÄ 100K üéØ,25 Killer AI Tools For Different Sectors üåé Powerful tools you should know üß† Follow @smarts.ai for more üöÄ  #ai #developer #code #aitool #tool #powerfultool,https://www.instagram.com/p/DOlXuxzjGCq/,3231,63,,2025-09-14T13:13:29.000Z,
,https://www.instagram.com/explore/search/keyword/?q=3Dprinting,3689822566001143332,DM04hMCt-4k,Sidecar,_forma_studios,FORMA Studios,Welcome Rayo by FORMAstudios - 3dprintable elegant organizer. Available @thangs3d #3dprinting #homedecor,https://www.instagram.com/p/DM04hMCt-4k/,360,5,,2025-08-01T20:45:48.000Z,
,https://www.instagram.com/explore/search/keyword/?q=3Dprinting,3589089760989754332,DHPAh8uyTPc,Image,nostalgic_3dmodels,Nostalgic 3D Models,@phrozen3d recently used our 'Ghost Trio' cards to showcase their Aqua Series Resin! üëæüëª  Files available on Pixup! @pixup3d Link in bio.  #3dprinted #cults3d #fdmprinting #fantasy #3mf #tabletop #paint #painting #pokemon #pok√©mon #pokemoncards #pokemontcg #toy #gift #gifts #patreon #patreon #sculpt #3dprinting #3mf #gastly #haunter #gengar #ghost #spooky #halloween #scary #gameboy #gameboycartridge #nintendo #phrozen #phrozen3d,https://www.instagram.com/p/DHPAh8uyTPc/,4550,47,,2025-03-15T21:07:42.000Z,
,https://www.instagram.com/explore/search/keyword/?q=3Dprinting,3762129744243326498,DQ1xRHcjf4i,Sidecar,spw3dprints,SPW Prints,With a lot of mechanic feedback and testing in the workshop the disc brake organiser has been updated.  . Rotor storage 140-203mm .Labeled front and rear  .Universal pad storage with retention . . Link to eBay shop in bio  . . #spwprints #bicycle #bicyclemechanic #toolboxwars #bicyclemechanics #3dprinting,https://www.instagram.com/p/DQ1xRHcjf4i/,2182,82,,2025-11-09T15:07:15.000Z,
,https://www.instagram.com/explore/search/keyword/?q=3Dprinting,3731010792104695204,DPHNow0jJWk,Sidecar,makeingarage,Paolo Mazzoleni,"üü®üü©‚¨õ Pad per il vuoto 3D printed Un sistema semplice ed efficace per tenere fermi i pezzi durante lavorazioni e test. ‚öôÔ∏è Funzionano collegandoli a una pompa da 40 L/min, creando il vuoto all‚Äôinterno della camera. Il cordino in neoprene garantisce la tenuta. ‚úçÔ∏è Progettati e stampati interamente in 3D. Il design modulare permette di usarne uno solo o pi√π pad in parallelo, a seconda delle dimensioni del pezzo. ‚úÖ Stampa 3D ‚Üí personalizzazione colori  ‚úÖ Sistema modulare ‚úÖ Pratici, leggeri e riutilizzabili  Se ti piace il progetto fammelo sapere con un ‚ù§Ô∏è o un commento! üëâ Da domani saranno disponibili in download gratuito sul mio profilo MakerWorld. üîó Link in bio!  #3dprinting #maker #vacuum #cnc #3dprint #workshoptools #stampa3d #diyprojects #3dprinted #makeingarage",https://www.instagram.com/p/DPHNow0jJWk/,1423,33,,2025-09-27T16:39:27.000Z,San Martino in Strada -Lo-
,https://www.instagram.com/explore/search/keyword/?q=3Dprinting,3713438715139112676,DOIyNY3DL7k,Video,azurefilm3d,AzureFilm,"This Trick Makes ASA & ABS 3D Prints Look Factory Made üò≤ No sanding. No filler. Just pure glossy perfection. üí° With one simple trick, your ASA and ABS 3D prints can go from ‚Äúobviously 3D printed‚Äù to ‚Äúdid that come out of an injection mold?‚Äù  In this video I show you exactly how I acetone vapor smooth my 3D prints so the layer lines vanish and the surface shines. It is easy to set up and the results are insane.  Here is what you need to follow along: ‚Ä¢ üß≤ Magnets ‚Ä¢ üßª Paper towels ‚Ä¢ ü´ô A container that can handle acetone (mine is certified plastic but glass works too) ‚Ä¢ ‚¨Ü A small platform to raise your prints ‚Ä¢ üíß Acetone ‚Ä¢ ü•Ω Gloves and safety glasses  Step-by-step:  Hang the paper towels inside the container with magnets.  Place your models on the raised platform so vapor can wrap evenly around them.  Pour acetone onto the paper towels carefully, avoiding drips on the prints.  Let the vapor do its work. This can take 10 minutes or several hours depending on how glossy you want them. Mine stayed in for 5 hours.  Let the prints rest for a couple of hours after smoothing so they fully harden again.  ‚ú® The results: ASA and ABS came out at a perfect 10 out of 10 on the smoothness scale. They look professionally made with zero visible layer lines.  ‚ö† Safety first: acetone vapors are not to be messed with. Always work in a well ventilated space and keep away from sparks or flames.  This technique is a game changer for cosplay props, display pieces, and any functional part that needs a clean, professional look. Once you try it, you will never want to leave your ASA or ABS prints unfinished again  Buy here:  https://azurefilm.com/3d-filaments/asa-filaments/ https://azurefilm.com/3d-filaments/abs-filaments/  #azurefilm #tipsandtricks #3Dprinting #asa #abs #acetone",https://www.instagram.com/p/DOIyNY3DL7k/,318178,949,4147962,2025-09-03T10:52:42.000Z,"Ljubljana, Slovenia"
,https://www.instagram.com/explore/search/keyword/?q=3Dprinting,3750380000357875447,DQMBr1uD373,Sidecar,cults3d,Cults,"üñ®Ô∏è Mobile Printer Cart for Bambu X1C, P1S, & X1E ‚Ä¢ STP files ‚û°Ô∏è Download 3D print model: https://cults3d.com/:2955642 üí° Designed by mitchulze #3DPrinting #3DPrinter #Printable #STLfile",https://www.instagram.com/p/DQMBr1uD373/,1486,16,,2025-10-24T10:02:43.000Z,
,https://www.instagram.com/explore/search/keyword/?q=3Dprinting,3743296201434124072,DPy3A_3jM8o,Sidecar,fornice_objects,Fornice Objects,"From recycling comes a new form. The Issey Vase takes shape through 3Dprinting in PET, a material made from regenerated plastic bottles. After printing, each piece is hand-dyed ‚Äî the color moves freely across the surface, recalling the shifting shades of water. Each vase is different, because every gesture is unique. üí¶  #madeinitaly #3dprinting #recycle",https://www.instagram.com/p/DPy3A_3jM8o/,1075,13,,2025-10-14T15:28:22.000Z,"Ravenna, Italy"
,https://www.instagram.com/explore/search/keyword/?q=3Dprinting,3665026210867211528,DLcyeuvPG0I,Image,sculptedgeofficial,SculptEdge,"Meet our 3D printed dragon ‚Äì a project we absolutely loved working on here at SculptEdge. Crafted with precision and passion, this mighty beast is more than just a model ‚Äî it‚Äôs a symbol of what imagination and technology can create together. From intricate scales to those fierce wings, every detail was brought to life layer by layer with high-quality bioplastic filament.  Whether you're into fantasy, collectibles, or just love seeing what's possible with 3D printing this one's for you!  @bambulab_official @fibreel3dfilament @makerworld_ stormfang dragon.3mf   #3dprinted #3dprinting #sculptture #figurine #3dmodel",https://www.instagram.com/p/DLcyeuvPG0I/,80,7,,2025-06-28T15:39:52.000Z,
,https://www.instagram.com/explore/search/keyword/?q=3Dprinting,3688955199998084000,DMxzTWgN0Og,Sidecar,aurapol3d,AURAPOL 3D Filament,"Vases printed in our Wood Cork, Wood Bamboo, and Wood Pine PLA. Clean lines, soft matte finish, and warm tones that show off the texture straight from the printer.   Printed by @simiu3d   #3dprinting #3dprinted #pla #filament #homedecor #3ddruck",https://www.instagram.com/p/DMxzTWgN0Og/,1016,9,,2025-07-31T16:02:30.000Z,
,https://www.instagram.com/explore/search/keyword/?q=3Dprinting,3707994970848928326,DN1cce6YqJG,Image,lycan_3d,Lycan_3D,Algunos de los minis que armamos y se vienen m√°s modelos   #lycan_3d #lycan3d #impresion3d #3dprinter #3dprint #3dprinting,https://www.instagram.com/p/DN1cce6YqJG/,644,22,,2025-08-26T22:31:07.000Z,
,https://www.instagram.com/explore/search/keyword/?q=3Dprinting,3733911438910628765,DPRhKurCSOd,Sidecar,noctura.luxe,Noctura Luxe,"Think 3D Prints Look Cheap? Here are 4 tips on how to take your home decor prints to the next level and add a premium feel!  Plus get a sneak peek at my new project of a Concrete collection (Slide 5) that I am excited to perfect and release more than just lamps‚Ä¶.. that‚Äôs all I‚Äôll say for now.  Now I know there‚Äôs countless more ways to do this, but here are just 4 of my go-to‚Äôs.   #3dprinting #3dprintinglife #3dprintingideas",https://www.instagram.com/p/DPRhKurCSOd/,627,3,,2025-10-01T16:42:31.000Z,
,https://www.instagram.com/explore/search/keyword/?q=3Dprinting,3701032946955655562,DNctds5TxmK,Video,printsculptors,Darshan Patel,6 Satisfying 3D Printed Fidget Toys You Need to See üëÄ #3dprinting #fidgettoys #satisfying,https://www.instagram.com/p/DNctds5TxmK/,517625,2565,6807356,2025-08-17T08:00:04.000Z,"Auckland, New Zealand"
,https://www.instagram.com/explore/search/keyword/?q=3Dprinting,3710108686502106585,DN89DGBDJXZ,Sidecar,super_laserkatz,Super...Laserkatz,"Ich hab einen neuen Lampenschirm f√ºr dich üòò Den aus meinem letzten reel, in dem ich zeige wie man diese lichtdurchl√§ssige Korbstruktur in Fusion zeichnen kann üòª Ich lade die Dateien der kompletten Lampe dieses Wochenende bei Makerword hoch ü´∂ #cozy #lampshade #3dprinting",https://www.instagram.com/p/DN89DGBDJXZ/,2248,24,,2025-08-29T20:30:42.000Z,
,https://www.instagram.com/explore/search/keyword/?q=3Dprinting,3758410333116207991,DQojkj5jJN3,Sidecar,parametric.architecture,Parametric Architecture,"‚ôüÔ∏èThe Dune Chess Set, created by @nobleturnerdesign using Quartz 3D printing technology, combines tactile engagement with the elemental beauty of sand. Inspired by the fluid, ever-changing nature of sand, the set captures the evolving dynamics of a chess game. Through advanced 3D sculpting, rippled textures distinguish the pieces and spaces, reflecting the material‚Äôs natural qualities.  This design prioritizes touch over polished surfaces, offering a unique sensory experience. The Dune Chess Set, finalized in 2024, challenges traditional luxury design with its raw, tactile appeal.   üöÄJoin @thepaacademy‚Äôs workshops to learn the most advanced tools in architecture from pioneering architects and designers!  #DuneChessSet #3DPrinting #TactileDesign #DesignInnovation #Quartz3DPrinting",https://www.instagram.com/p/DQojkj5jJN3/,3424,22,,2025-11-04T11:57:27.000Z,
,https://www.instagram.com/explore/search/keyword/?q=3Dprinting,3748516916256853017,DQFaEZcCEwZ,Video,siefshome,SIFRA,OMG how cool is this?! I looove how the prints turned out ü§ç  This @bambulab_official A1 combo printer is seriously the best! Can‚Äôt wait to create more ‚ú®  Filament I used: Bambu PLA matte - bone white  |ad #bambulab  #bambulestmakeit  #3dprinting  #3dprint,https://www.instagram.com/p/DQFaEZcCEwZ/,64134,457,1297051,2025-10-21T20:23:17.000Z,
,https://www.instagram.com/explore/search/keyword/?q=3Dprinting,3756308816540722197,DQhFveEk-QV,Image,grumpii.art,Grumpii,"2025 November Release - Viking Dragons These dragons are inspired by Viking axe, helmet, ship and animal that would exist in the Viking world.  #grumpii #dragon #viking #sheep #3dprinting #3dprints #3dprintingcommunity #arttoy #toyart #designertoy #toyartist #figurine #resintoy #dinosaur #lizard",https://www.instagram.com/p/DQhFveEk-QV/,15472,94,,2025-11-01T14:22:07.000Z,
,https://www.instagram.com/explore/search/keyword/?q=3Dprinting,3714155485554402650,DOLVLxVCeVa,Sidecar,designwanted,DesignWanted,"3D-printed using a bioplastic derived from renewable resources such as cornstarch and sugarcane, this design conveys both the solidity of a cubic silhouette and the softness of bubble-like geometry.  Mellow by Dehgraf Studio  #designwanted #design #lightingdesign #3dprinting _____  @DesignWanted is a Milan-based design magazine exploring product trends, innovations, and connecting the design community on a global scale.  üì¨ Pitch your design: designwanted.com/submit-news ü§ì Read our articles on designwanted.com ¬©Ô∏è DM us if there are any missing credits",https://www.instagram.com/p/DOLVLxVCeVa/,2824,17,,2025-09-04T10:31:02.000Z,
,https://www.instagram.com/explore/search/keyword/?q=3Dprinting,3749359380501548483,DQIZn3aEs3D,Sidecar,itsmikelake,Mike Lake,"We‚Äôve made massive moves with the 3d printed GT3D RS build over the past few weeks and the feedback has been insane üôèüèª Next up, the rear end & spoiler üëÄ  #3dprinting #3dprints #gt3rs #porsche #supercar",https://www.instagram.com/p/DQIZn3aEs3D/,3884,73,,2025-10-23T00:14:49.000Z,
,https://www.instagram.com/explore/search/keyword/?q=3Dprinting,3748327744758455017,DQEvDlwEZrp,Video,forgecoreco,Colby Geary,Want to get started with 3D printing? Comment ‚Äú3D Printer‚Äù and i‚Äôll dm you my recommendations on how to get started.  . All the files for these designs are at the link in my bio  #3dprinting,https://www.instagram.com/p/DQEvDlwEZrp/,534914,1914,6737540,2025-10-21T14:07:39.000Z,
,https://www.instagram.com/explore/search/keyword/?q=3Dprinting,3710692775387067310,DN_B2tLjfOu,Sidecar,anaceciliaartiaga,Mentoria e Curso de Design de Joias,"A look into the future of luxury, material, and identity.  The full article in English is in my newsletter.  üì≤Subscribe to read it and access more content like this (Link in bio)   . #jewelrydesign #jewelry #future #trends #technology #3dmodeling #3dprinting #goldsmithing #moissanite #jewelryindustry #marketinsights",https://www.instagram.com/p/DN_B2tLjfOu/,10638,175,,2025-08-30T15:51:11.000Z,
,https://www.instagram.com/explore/search/keyword/?q=aitool,3765709466164276384,DRCfM7SDCyg,Sidecar,ujjwalkhatri_12,Ujjwal Khatri,"üö®TUTORIAL ALERT!!!üö® Comment ""GEM"" for the Project File Link.  Tutorial we all have been waiting for!!!!  Step-By-Step Guide on:  How to create a 3D Anime Crystal in Adobe After Effects?  Step 1- Create a crystal shape using the pen tool. Draw a mask over it, turn on the 3D switch, and add stroke effect on it.  Step 2- By rotating the shapes inwards, create a 3D crystal-like shape; the points of each shape should be connected. Make a similar crystal but with a fill in another comp.  Step 3- Duplicate both stroke and fill comps and link both of them to a Null object, and flip it to form a whole crystal.  Step 4- Add 2 point lights to give some depth and a crystal-like hue.  Step 5- Add roughen edges to the stroke comp and change the blending mode to overlay.  Step 6- Add a Deep glow to the crystal using an adjustment layer.   Step 7- Add Twinkly sparkles to the crystal to give it a shinier look.  The Anime Crystal Is Ready!!!!  Try creating by yourself! Don't forget to tag me!!  Happy to help!  #tutorials #tutorial #tip #crystallove #crystal #adobeaftereffects #adobe #aftereffectsedit #aftereffect #3D #2d #animate #animated #animationart #animations #animefans #animefanart #freelancer #brandname #ujjwalkhatri_12",https://www.instagram.com/p/DRCfM7SDCyg/,9018,743,,2025-11-14T13:39:31.000Z,United States of America
,https://www.instagram.com/explore/search/keyword/?q=aitool,3703296825282377194,DNkwNd4ybXq,Sidecar,immanuel_mg,Immanuel Manurung,5 Formula prompt efektif pake GPT-5 buat optimize waktu kerjaku‚òùüèªüöÄ . ‚ú® Jangan lupa: üíæ Save biar gampang diakses kapan aja! üì¢ Share ke teman yang butuh ini! üîî Follow @immanuel_mg supaya gak ketinggalan update üí¨ Komen ‚ÄúINFO‚Äù Buat ikutan Komunitasnya . #ai #aitools #aitool #aiprompts #productivity #aitips #PersonalBranding #AIPersonalBrand #InstagramGrowth #ContentStrategy #digitalcreator #chatgptprompt,https://www.instagram.com/p/DNkwNd4ybXq/,2567,174,,2025-08-20T10:56:45.000Z,
,https://www.instagram.com/explore/search/keyword/?q=aitool,3754768361902074686,DQbne55DGs-,Image,natan_mohart,Natan Mohart | Personal Growth & Mindset,"10 Mental Traps That Quietly Control Your Thinking  Our brain is not a tool for truth, it is a tool for survival. It doesn‚Äôt look for what‚Äôs right, it looks for what‚Äôs fast.  Every decision passes through hidden filters. They save energy but distort perception.  That‚Äôs why smart people make stupid mistakes. Not because they‚Äôre stupid, but because they‚Äôre human.  Here are 10 traps we all fall into:  1. Confirmation Bias ‚Ü≥ you only notice what confirms your beliefs.  2. Dunning‚ÄìKruger Effect ‚Ü≥ the less you know, the more confident you feel.  3. Sunk Cost Fallacy ‚Ü≥ you keep going simply because you‚Äôve already invested.  4. Negativity Bias ‚Ü≥ one bad event outweighs ten good ones.  5. Anchoring Bias ‚Ü≥ the first number or idea distorts everything that follows.  6. Halo Effect ‚Ü≥ charisma makes you believe in competence.  7. Authority Bias ‚Ü≥ you trust confidence, not accuracy.  8. Availability Heuristic ‚Ü≥ what‚Äôs easier to recall feels more true.  9. Groupthink ‚Ü≥ you stay silent to fit in.  10. Survivorship Bias ‚Ü≥ you study the winners and forget the ones who didn‚Äôt make it.  Our brain was built to survive, not to understand. Awareness is the only way out of this game.  Below is the infographic with a deeper breakdown of each trap, with examples and simple ways to spot and neutralize them.  üí¨ Which of these traps do you fall for most often?  ‚Äî @natan_mohart",https://www.instagram.com/p/DQbne55DGs-/,1517,13,,2025-10-30T11:21:30.000Z,
,https://www.instagram.com/explore/search/keyword/?q=aitool,3747622773573383745,DQCOw6LAXZB,Sidecar,kerjapake.ai,Kerjapake AI | AI Upskilling Community,"STOP pakai browser jadul! üö´‚ú® Upgrade ke Comet AI Browser dan bikin kerjaan kamu ngebut ‚ö°dari nulis script, beresin email, sampai riset, semuanya dibantu AI dalam 1 tempat. Plus, Gratis fitur Pro 1 bulan! üî•  Ketik""Browser"" biar minai kirimin akses Comet AI browser gratis 1 bulan ke DM kalian ya!  #KerjapakeAI #cometbrowser #perplexity #aitool",https://www.instagram.com/p/DQCOw6LAXZB/,63,16,,2025-10-20T14:44:30.000Z,
,https://www.instagram.com/explore/search/keyword/?q=aitool,3765420174146215913,DRBdbLGEx_p,Sidecar,koleksi_ai,KoleksiAI | Visual AI untuk Entrepreneur & Content Creator,"Komen ""Smart"" dan dapetin formula smart prompt buat bikin visual AI premium  Save aja post-an ini siapa tau nanti butuh üòä  Follow @koleksi_ai untuk dapetin prompt AI tiap hari !!!  #chatgpt #ghibli #imagegeneration #chatgpt4 #imageart #aitool #chatgpttutorial #ai #aiimage #ghiblistudio #aimemes #trend #studioghibli #designdex #trend #AlArt #ProductDesign #MidjourneyPrompt #chatgptprompt #DigitalArt #AlContent #CreativeMarketing",https://www.instagram.com/p/DRBdbLGEx_p/,142,153,,2025-11-14T04:04:45.000Z,
,https://www.instagram.com/explore/search/keyword/?q=aitool,3215804234904826182,Cyg1OngsvFG,Video,aicenturyclips,AI Century | Teaching Creators & Brands Generative AI,Comment the word ‚ÄúAI‚Äù and i will tell you which AI tools he‚Äôs usingüí° - #ai #aitools #aitool #chatgpt #chatgpt4 #chatbots #openai #chatAI #aItools #texttospeech #texttovideo #aInews,https://www.instagram.com/p/Cyg1OngsvFG/,73915,2170,1215240,2023-10-17T20:18:00.000Z,
,https://www.instagram.com/explore/search/keyword/?q=aitool,3712566087927345868,DOFry_cEjLM,Sidecar,hartimesocial,Harsimran ‚ö°Ô∏è | Social Media Consultant & Marketing Strategist,Make your own little world üåç Comment ‚¨áÔ∏è‚¨áÔ∏è  Would you try this amazing AI trend?  So easy to do just upload your photo and copy this prompt. Enter your field. And done. ‚úÖ   Super simple for any business owner and for creators !  Comment to get the template prompt ‚¨áÔ∏è #ContentCreators #ChatGPTPrompts #AITool,https://www.instagram.com/p/DOFry_cEjLM/,963,170,,2025-09-02T05:53:07.000Z,
,https://www.instagram.com/explore/search/keyword/?q=aitool,3755066720160540766,DQcrUlrD2he,Sidecar,uncover.ai,AI Tools & News | Technology | Artificial Intelligence,"Someone asked ChatGPT how to live to 140 years, and the reply wasn‚Äôt about money, genetics, or extreme diets.  After studying data from the world‚Äôs longest-living regions, it pointed to one truth: emotional balance matters more than physical perfection. The people who live longest focus on peace, purpose, and connection, not biohacking or restriction.  Their secret isn‚Äôt hidden in supplements or routines. It‚Äôs in living authentically, reducing stress, nurturing real relationships, and doing what genuinely feels right every day. That‚Äôs the quiet formula for a longer, happier life.  üëâ Follow @uncover.ai to stay updated with the latest AI news  Source: @ingeni.academia",https://www.instagram.com/p/DQcrUlrD2he/,17738,351,,2025-10-30T21:14:17.000Z,
,https://www.instagram.com/explore/search/keyword/?q=aitool,3762095862436774957,DQ1pkEjgsQt,Sidecar,theaipage,¬© The AI Page üëΩ,"Comment ‚ÄúSymptom‚Äù and we‚Äôll send you the link.  @mysymptom.ai is a new health tool that helps you understand your symptoms in seconds.  Upload a photo or describe how you feel, and the AI instantly analyzes patterns, identifies possible causes, and gives clear next steps ‚Äî all privately and securely.  It‚Äôs like having a doctor in your pocket ‚Äî fast, accurate, and built for clarity, not confusion.  üîó https://mysymptom.ai  #MySymptomPartner #AiTool #Ai #MySymptomAi",https://www.instagram.com/p/DQ1pkEjgsQt/,-1,26,,2025-11-09T13:59:56.000Z,
,https://www.instagram.com/explore/search/keyword/?q=aitool,3733064226001450533,DPOgiKKiPYl,Sidecar,aitrendz.xyz,Ren√© Remsik,"RIP traditional coding? üíÄ  Here are the most popular vibe coding tools you can use to code for you ü§ô   Which one is your favorite? Let us knowüëá  If you‚Äôd add some vibe coding tool to the list, comment belowüëá  Follow @aitrendz.xyz & @moneytrendz.ai for more üôå  #vibecoding #vibecoder #vibecode #aicoding #aicode #aitools #ai #aitool #future #startups",https://www.instagram.com/p/DPOgiKKiPYl/,33841,230,,2025-09-30T12:39:15.000Z,
,https://www.instagram.com/explore/search/keyword/?q=aitool,3747003206530572395,DQAB5BZgSBr,Image,getintoai,Artificial Intelligence | AI,"Mastering AI prompts is a game-changer! üöÄ  Each AI tool has its own prompting nuances to get the best results. If you‚Äôve been struggling to get exactly what you need from ChatGPT, Perplexity, Grok, or Gemini, this cheat sheet is for you.  Here‚Äôs a simple, step-by-step breakdown to help you prompt like a pro for each platform, saving you time and boosting your output!  Follow @getintoai for more essential AI tips!  #aiprompt #promptengineering #chatgpt #perplexity #grok #gemini #ai #aitools #artificialintelligence #aitips #productivity",https://www.instagram.com/p/DQAB5BZgSBr/,997,10,,2025-10-19T18:13:31.000Z,
,https://www.instagram.com/explore/search/keyword/?q=aitool,3757401939320701510,DQk-Sf_kwJG,Sidecar,shreyaslarer,Shreyas l arer,"Comment ‚ÄúFree Tools‚Äù below to get the full, exclusive list of 40+ FREE AI tools sent directly to your DMs! üì©  #ai #ai4career #aitools #aitool",https://www.instagram.com/p/DQk-Sf_kwJG/,306,58,,2025-11-03T02:33:57.000Z,
,https://www.instagram.com/explore/search/keyword/?q=aitool,3684598301644346767,DMiUqIthNWP,Video,thevarunmayya,Varun Mayya,"GitHub just launched Spark. A ‚Äúprompt to production‚Äù AI tool that builds and deploys full-stack apps within minutes, and with just one prompt.",https://www.instagram.com/p/DMiUqIthNWP/,121875,371,922539,2025-07-25T15:48:42.000Z,
,https://www.instagram.com/explore/search/keyword/?q=aitool,3749072916542525948,DQHYfRDjhH8,Sidecar,uncover.ai,AI Tools & News | Technology | Artificial Intelligence,"While tech giants like Nvidia and OpenAI dominate headlines, the real backbone of the AI revolution sits in the Netherlands, quietly shaping the future of every chip that powers modern computing.  ASML is the only company capable of producing extreme ultraviolet lithography machines, the most advanced manufacturing tools ever built, used to print the billions of microscopic transistors inside AI chips.  Its technology is so complex and unmatched that even the world‚Äôs biggest chipmakers, including TSMC, Samsung, and Intel, depend entirely on it to produce next-generation semiconductors.  With soaring demand from the AI boom and geopolitical powers fighting for access, ASML has become not just a supplier but the gatekeeper of the global technology race.  We cover more such insights in our AI newsletter.  Want to join for free?  Comment ‚ÄúNEWSLETTER‚Äù and I‚Äôll send you the link.  ‚Äî  Source: https://www.investopedia.com/asml-7971466",https://www.instagram.com/p/DQHYfRDjhH8/,25875,620,,2025-10-22T14:45:40.000Z,
,https://www.instagram.com/explore/search/keyword/?q=aitool,3592898905751329248,DHcioTPMpng,Video,nick_saraev,Nick Saraev,"Comment SLIDES to get this Free AI Presentations Generator.   This AI tool makes creating presentations super easy. You can have a polished presentation ready in under 30 seconds. Sounds too good to be true? Let me break it down for you.  First, head over to the website. You‚Äôll see a simple box where you can type in your presentation topic. It could be anything‚Äîa school project, a business pitch, or even a fun idea for a party.  Once you enter your topic, the AI gets to work. It drafts an outline for you. This outline is not set in stone. You can edit it however you like. Want to add a point? Go for it. Want to remove something? Easy.  Next up, pick a theme. There are plenty to choose from. Whether you want something sleek and professional or colorful and fun, there‚Äôs a theme for you.  Then, hit generate. Just like that, your presentation is ready! It includes all the content, images, and animations you need.   I remember when I first tried it for a school project. I was amazed at how quickly everything came together. No stress, no fuss‚Äîjust great slides ready to impress.  In short, this tool is perfect for anyone who needs a quick and effective presentation. Give it a try.  #gammaai #aivisuals #aigraphics #aipreasentations #aigraphics #aiindia #aitools #ainews #aicommunity #aippt",https://www.instagram.com/p/DHcioTPMpng/,997,714,12742,2025-03-21T03:16:15.000Z,
,https://www.instagram.com/explore/search/keyword/?q=aitool,3721485036735455402,DOlXuxzjGCq,Image,smarts.ai,Trending AI Tools & News üöÄ 100K üéØ,25 Killer AI Tools For Different Sectors üåé Powerful tools you should know üß† Follow @smarts.ai for more üöÄ  #ai #developer #code #aitool #tool #powerfultool,https://www.instagram.com/p/DOlXuxzjGCq/,3231,63,,2025-09-14T13:13:29.000Z,
,https://www.instagram.com/explore/search/keyword/?q=aitool,3745417568661273056,DP6ZW9Dj_ng,Video,aevytvdaily,AevyTV,This might be the EASIEST way to build an app‚Ä¶Watch this!  . . . . . #ad #emergent #aitool #nocode,https://www.instagram.com/p/DP6ZW9Dj_ng/,11215,48,88125,2025-10-17T13:45:18.000Z,
,https://www.instagram.com/explore/search/keyword/?q=aitool,3753863198953493721,DQYZrDNCNTZ,Sidecar,thezamizafar,Zumar | AI & Design,"Comment ‚ÄúFormula‚Äù if you want the client flow formula.  Sometimes we get so caught up mastering every AI tool, learning new techniques, and creating things that actually look incredible yet still, finding clients feels harder than building what we create. It‚Äôs not that we aren‚Äôt good enough; it‚Äôs that somewhere along the way, we forget to define what problem we truly solve.  Clients don‚Äôt buy tools they buy clarity. They care about transformation, not the process. We can have the most advanced AI setups, but if our direction is off and we‚Äôre not showing the result we bring, everything starts to blend into the noise.  The truth is, talent without a system ends up relying on luck. We can be highly skilled, but without a simple structure ‚Äî a clear offer, consistent outreach, honest follow-ups, and a smooth delivery process consistency never sticks.  When we shift from showing tools to showing transformation, when our message focuses on the outcome instead of the method, that‚Äôs when clients begin to lean in.   They stop seeing us as just ‚ÄúAI creators‚Äù and start recognizing us as people who can actually solve their problems.  Clarity creates clients. Systems keep them coming.  #generativeai #promptengineering #findclients #aitool #aicreator #aiartist #aicontentcreator #aimarketing #aivisuals #aidesign #aifreelancer",https://www.instagram.com/p/DQYZrDNCNTZ/,297,183,,2025-10-29T05:23:06.000Z,
,https://www.instagram.com/explore/search/keyword/?q=aitool,3732427671482223950,DPMPzEkiU1O,Sidecar,ai_creation_lab,AI Toolsüîπ Artificial intelligence üîπ Smart Web,"100+ trending AI Tools & Websites for Entrepreneurs, Content Creation, Video Editing, and More to Boost Productivity and Income  ‚ù§Ô∏è Comment 'AI' I'll send you the link   Follow @ai_creation_lab / @ai_gridx for more AI tools/ Websites / AI News/ AI Course   #AITools #aitool #AIWebsites #BusinessAI #ProductivityTools #ContentCreationAI #VideoEditingAI #AIForBusiness #AIProductivity #AIAutomation #AIContentTools #AIVideoTools #WorkSmarterWithAI #DigitalTools #TechForBusiness #AIResources #AIInnovation #AIWorkflow #AIContentCreation #VideoEditingTools #AIProductivityTools #aicourse #aicourses #entrepreneurship #entrepreneurs #Entrepreneur",https://www.instagram.com/p/DPMPzEkiU1O/,851,213,,2025-09-29T15:34:32.000Z,
,https://www.instagram.com/explore/search/keyword/?q=aitool,3713466499794604628,DOI4htVkhJU,Sidecar,ngertive.ai,Ngertive | AI Tools & Tips,"Capek liat orang lain sat-set pakai AI, sementara hasil prompt-mu masih ‚Äúgitu-gitu aja‚Äù? Kamu nggak sendirian. Seringkali, masalahnya bukan di AI-nya, tapi di cara kita ‚Äúngobrol‚Äù dan memberi perintah.  Di postingan ini, aku bongkar 6 ‚Äúrumus‚Äù atau framework berpikir yang bakal ngubah total caramu menggunakan AI. Bukan cuma teori, tapi lengkap sama contoh kasus yang bisa langsung kamu praktekkin. Siap-siap bikin teman kantormu kaget.  üëá Gimana menurutmu? Rumus mana yang bakal kamu coba duluan? Komen di bawah!  üíæ Save postingan ini biar nggak hilang pas lagi butuh ‚Äúcontekan‚Äù prompt.  #ai #aitools #aitool #aiprompts #productivity #aitips #PersonalBranding #AIPersonalBrand #InstagramGrowth #ContentStrategy #digitalcreator #chatgptprompt",https://www.instagram.com/p/DOI4htVkhJU/,112801,170,,2025-09-03T11:42:04.000Z,
,https://www.instagram.com/explore/search/keyword/?q=free3dmodels,3549005277733346360,DFAmX8lSFw4,Image,tshirtcraftofficial,T-SHIRT CRAFT | DIGITAL MARKETING | ONLINE STORE,"üöÄ Free 3D Design Resources You Need to Know!  üé® For 3D Modeling: 1Ô∏è‚É£ Blender - Powerful & free 3D software 2Ô∏è‚É£ Tinkercad - Easy browser-based tool 3Ô∏è‚É£ Sculptris - Sculpt like a pro!  üì¶ Free 3D Models: 4Ô∏è‚É£ Sketchfab - Huge library of free 3D assets 5Ô∏è‚É£ TurboSquid - Download quality models 6Ô∏è‚É£ CGTrader - Models for all your needs  üåà Textures & Materials: 7Ô∏è‚É£ Textures.com - Perfect for 3D projects 8Ô∏è‚É£ Poly Haven - High-quality HDRIs & textures 9Ô∏è‚É£ AmbientCG - Free materials & textures  üé• For Animation: üîü Mixamo - Animate characters in seconds!  Which one will you try first? Let me know in the comments! üöÄ‚ú®  #3DDesign #Blender3D #3DModels #GraphicDesign #Textures #3DAnimation #FreeResources #DigitalArtists #3DRendering #ContentCreation"" #FreeResources #DesignTools #CreativeTools #DigitalTools #Free3DModels #TexturesFree #PolyHaven #AmbientCG #Learn3D #ArtLovers #DesignerLife #CreativeTools #DigitalCreativity #DesignCommunity #tshritcraft #tshirtcraftofficial",https://www.instagram.com/p/DFAmX8lSFw4/,13,0,,2025-01-19T13:46:59.000Z,
,https://www.instagram.com/explore/search/keyword/?q=free3dmodels,2320408656444479375,CAzv2EFHVeP,Image,prasei_id,PRASEI,"Day 30.  One day one render. One day one model. For you who need and want to have the file of this 3D model, please leave your email by DM or comment below. Will send it, free.  Satu hari satu render. Satu hari satu model. Bagi yang perlu dan ingin memiliki file model 3D ini, silakan tinggalkan emailnya di DM atau comment di bawah. Akan dikirimkan, gratis.  #prasei #days #onedayonerender #onedayonemodel #satuharisaturender #satuharisatumodel #free3dmodels #free #gratis #nyarigratisan #3dmodels #christianliaigre #stool #liaigre #chair #foldingstool #furniture #interiordesign #3dsmax #vray #obj #render #3d #models #visualization",https://www.instagram.com/p/CAzv2EFHVeP/,18,0,,2020-05-30T10:24:49.000Z,
,https://www.instagram.com/explore/search/keyword/?q=free3dmodels,3501282621155314006,DCXDf5MNglW,Image,christofer.jh,Christofer jh,3d printed Seiko Diver watch :)  #3dprinter #3dprinted #seiko #watch #3dmodel #free3dmodels,https://www.instagram.com/p/DCXDf5MNglW/,9,0,,2024-11-14T17:30:35.000Z,
,https://www.instagram.com/explore/search/keyword/?q=free3dmodels,3411748461089676259,C9Y9yYuPFvj,Sidecar,sr_kerala_gamedev,SR studios KeralaüáÆüá≥,"Creepy woodüçÇüçÅ, character concept and render. Made with Maya, rendered with Arnold.  #3dmodeling #3dconceptart #retopology #quaddraw #retopologytime #zbrush #sketchfab #3dstore #download3dmodel #3dmodels #free3dmodels #assets #assetstoreunity #unityassetstore #unity3d #unrealengine #goddot #yoyogames #gamedev #gamedevelopment #online3dmodeling #lowpolymodels #gameready3dasset #pumpkin #halloween2024 #marmoset #normalmap #texturebaking",https://www.instagram.com/p/C9Y9yYuPFvj/,41,3,,2024-07-14T04:42:11.000Z,
,https://www.instagram.com/explore/search/keyword/?q=free3dmodels,3688941814564594381,DMxwQkWNSLN,Image,leap.71,LEAP 71,"We just updated our public model download page with many more 3dprintable objects generated by #Noyron, including this heat exchanger structure optimized for very rapid fluid flow. Visit the downloads section on our website, to find heat exchangers, manifolds, impellers‚Ä¶ suitable for metal powder bed fusion printing and other printing processes. Free to use and print. Give us a shoutout here if you do. #3dprinting #free3dmodels",https://www.instagram.com/p/DMxwQkWNSLN/,171,2,,2025-07-31T15:35:54.000Z,Dubai
,https://www.instagram.com/explore/search/keyword/?q=free3dmodels,3557679378709773005,DFfaouounrN,Video,alphonso_peluso,Alphonso Peluso,"Top 5 FREE places to download load 3D Models for your renders.  5. Flying Architecture  4. BIM Objects 3. 3D Warehouse  2. CG Trader 1. Herman Miller, Knoll, & Vitra  #architecture #architectureschool #architecturestudent #renders #rendering #free3dmodels #3dmodel #3dmodeling",https://www.instagram.com/p/DFfaouounrN/,3277,44,43475,2025-01-31T13:01:13.000Z,
,https://www.instagram.com/explore/search/keyword/?q=free3dmodels,3347624661292097701,C51JuSZpyCl,Video,azielartsacademy,Aziel Arts | Academy for Digital Artists,Follow for more tips like this! Here are some free realistic tree packs to use in your Unreal Engine Projects.  #unrealengine #environmentart #3d #free3dmodels #ue5environment,https://www.instagram.com/p/C51JuSZpyCl/,12,0,115,2024-04-16T17:20:27.000Z,
,,,,,,,,https://www.instagram.com/explore/search/keyword/?q=imageto3dmodel,,,,,
,https://www.instagram.com/explore/search/keyword/?q=free3dmodels,2445943654375232328,CHxvMtjqBNI,Video,erken_kagarov,Erken Kagarov,You can duplicate this holographic ornament to an infinite size (there are 4 parts here). Use it without payment in your projects! search on prusaprinters.org model 46482 #3Dprinting #prusaprinters #3dprinted #3dprint #3dprintable #hologram #3dillusion #PrusaPrinters  #opticalillusion #opticalillusions #3d #free3dmodels #3dheart #3dhearts #3dpattern #pattern #3dillusion,https://www.instagram.com/p/CHxvMtjqBNI/,49,4,499,2020-11-19T15:20:42.000Z,
,https://www.instagram.com/explore/search/keyword/?q=free3dmodels,3254368720459782760,C0p1xvfJdpo,Sidecar,filamentalpw,Filamental PrintWorks :: Original Art & Digital Design,"üßµ It's been long few days since my last Christmas decoration drop and I don't wanna keep stringing you along. It's time for a bold, bright banner!  Deck your halls out all the way this year with my new decorative 'MERRY CHRISTMAS' hanging text banner - 14 super fast + easy-to-print designs which string together, adding a touch of festive flair to your home for the holidays. Once they're done, all you need is a little bit of string...or even dental floss in a pinch! üòÖ  ** FREE DOWNLOAD available now on @thangs3d **  üíæ GET YOURS AT THANGS.COM üíª Link in bio! ‚òùÔ∏è  #merrychristmasyafilthyanimals #holidaydecorations #diydecor #freedigitaldownload #stlfiles #3dprintable #3dprinted #fdmprinting #christmas2023 #merrychristmas #christmasdecorating #3dmodels #free3dmodels #deckthehalls #jinglealltheway #hohoho #bigboldandbeautiful #bannerdesigns #banners #partybanner #partytime #celebration #makeitspecial #freestl #thangs3d #filamentalPW",https://www.instagram.com/p/C0p1xvfJdpo/,10,1,,2023-12-10T01:16:44.000Z,
,https://www.instagram.com/explore/search/keyword/?q=free3dmodels,2671368619009821972,CUSm5sANM0U,Image,funwith3dprint,Fun With 3D Print,tried and printed the charizard with the standard layout in #cura so will probably have to try again üòÖ  #3dprinting #3dprint #3dprinter #pokemon #pok√©mon #creality #cr10spro #summerproject #fyp #free3dmodels,https://www.instagram.com/p/CUSm5sANM0U/,46,9,,2021-09-26T15:59:36.000Z,"Trondheim, Norway"
,https://www.instagram.com/explore/search/keyword/?q=free3dmodels,2920611210681969065,CiIGGwLuOmp,Image,gustoysbr,Gus Toys,Arquivo do cajado em 3d no youtube link na bio. free file of staff link on bio #twitch #free3d #free3dmodels #toystory #toystorycollector #toystorymania #toystoryfans #toystoryfan #pixarfan #disneypixar #funny #disneycollector #disneycollection #toystorycollection #toystoryobsessed #brinquedos #toyphoto #toyphotography #figures #photooftheday #actionfigures #figurasdeacao #toycollector #toycollection #moviescenes #collection #colecao #mattelbrasil #mattelpixar #pixarmattel,https://www.instagram.com/p/CiIGGwLuOmp/,91,5,,2022-09-05T13:20:09.000Z,
,https://www.instagram.com/explore/search/keyword/?q=free3dmodels,3599867411177422198,DH1TFZpvD12,Image,letsconnect3d,CONNECT,"Clo3d Admiration Coat :) by @artaparsa3d  Access 10,000+ free 3D items created by top creators ‚Äì join us to unlock them all!  #CONNECT #connectofficial #digitalfashion #virtualfashion #3dmodeling #3ddesign #3dclothing #3dclothes #free3dmodels #metaverse #clovirtualfashion #clo3d #itsclo3d #clo #marvelousdesigner #jinny #closet #closetconnect",https://www.instagram.com/p/DH1TFZpvD12/,272,18,,2025-03-30T18:00:00.000Z,
,https://www.instagram.com/explore/search/keyword/?q=free3dmodels,3481000149360214938,DBO_zFVsoOa,Image,noblessexhair,Noblesse Hair,"[THIS IS HALLOWEEN] - NAILS D03  - Made in Blender 4.0.2  - Custom shaders, change the colors as you like. - Full mesh, 3d and 2d art by ourselves.  Available on our Patreon on ""Accessories"", ""Lady"", ""Ladies and Gentlemen"", ""Legacy"" and ""Star!"" tiers.  Link : https://www.patreon.com/posts/this-is-nails-114192413  Tags : #blender #nails #nailart #3dnails #3dcontent #3dnailart #noblessexhair #halloween #3dmodel #free3dmodels",https://www.instagram.com/p/DBO_zFVsoOa/,-1,17,,2024-10-17T17:52:56.000Z,
,https://www.instagram.com/explore/search/keyword/?q=free3dmodels,3189388773702544972,CxC_DELKK5M,Image,cgi_marketplace,3D Models & 3d Tutorials,Furniture ùüëùêù ùê¶ùê®ùêùùêûùê• - ùêüùê´ùêûùêû üî•üî• https://www.learnarchviz.com/free3dmodels  Get all premium models now for FREE üòçüòç 3D models from @learnarchviz - Make sure to check his page out for more awesome 3D work . . . #3d #3dhardsurface #3drenderartist #3ddddesign #3dmodeling #3dmodel #3dmodelling #3dmodels #3dmodeler #3dmodelingshowcase #3dmodelselfie #3dfree #3dfreelancer #free #free3d #free3dmodels #free3d #free3dprint,https://www.instagram.com/p/CxC_DELKK5M/,10,0,,2023-09-11T09:33:11.000Z,
,https://www.instagram.com/explore/search/keyword/?q=free3dmodels,2732758121199754928,CXstQhPLN6w,Video,3d.designer__,DesignHunt,3d printed compass box ‚òëÔ∏è   ‚úìDesign in solidworks  üëâDm for inquires-@3d.designer__  We help you in building your empire üëç  Always Take first step with 3d model of project be professional  We convert your design ideas into reality ü§ù  . . . . . . . #compass #compassbox #geometry #pencilart #rubber #scale #3dmodel #3dprinting #flexibility #3dproject #designproject #productdesign #SOLIDWORKS #printing #order #onlineorder #instashop #sell #free3dmodels #3ddesigner #designhunt #hunter #instagood,https://www.instagram.com/p/CXstQhPLN6w/,981435,1071,22537879,2021-12-20T08:49:35.000Z,
,https://www.instagram.com/explore/search/keyword/?q=free3dmodels,3312748430676396352,C35PyVgswlA,Video,nunosilva3d,Nuno Silva,"You asked for part 2, and here it is! Here's more websites where to download free high-quality 3d models. üí™   Should I make a part 3?? Let me know I'm the comments! üôå   Part 2 list: sabaitalia.com/en karmanitalia.it/en/ condehouse.com/ missana.es/ poliform.it/en/ diza.co/   #3d #3dmodels #free #free3dmodels #render #architecturalvisualizations #3drender #rendering #archviz",https://www.instagram.com/p/C35PyVgswlA/,2426,49,23283,2024-02-28T14:27:28.000Z,
,https://www.instagram.com/explore/search/keyword/?q=free3dmodels,2948880302992434384,CjshwMBAqTQ,Video,nunosilva3d,Nuno Silva,Websites to get 3D models for FREE! . #3dmodels #3dmodel #3dmodeling #free3dmodels #archviz #visualization #3dvisualization #3drender #3drendering #lumion #3dsmax #sketchup #d5render #megascans #quixel #autocad #rhino #coronarender #vray,https://www.instagram.com/p/CjshwMBAqTQ/,4888,49,60790,2022-10-14T13:27:24.000Z,
,https://www.instagram.com/explore/search/keyword/?q=free3dmodels,3028621904660308324,CoH05NyPqFk,Image,infinite_blender_artist,Infinite|Blender Artist,8 Best Websites to Download Free 3D Modelüòá . . . . . #website #3dsite #free3dmodels #3dprinting #4d #abimation #gamemodel #game #designer #3dscan #viral #newpost,https://www.instagram.com/p/CoH05NyPqFk/,-1,4,,2023-02-01T13:58:07.000Z,Jalna
,https://www.instagram.com/explore/search/keyword/?q=free3dmodels,2290103499919062252,B_IFP_rjfTs,Image,drakon_ill,drakon_ill,Special for @3dmalowanki :) –í —Å–≤–æ–±–æ–¥–Ω–æ–º –¥–æ—Å—Ç—É–ø–µ:  https://skfb.ly/6RRnq  –í—ã—Å–æ–∫–æ–ø–æ–ª–∏–≥–æ–Ω–∞–ª—å–Ω–∞—è –≤–µ—Ä—Å–∏—è —Å–∫–æ—Ä–æ –ø–æ—è–≤–∏—Ç—Å—è –Ω–∞ #patreon .  #3dmodel #3d_model #3dmodeling #3dmidellife #animestyle #zbrush #zbrushart #zbrushathome #harkeyquinn #3dprintable #free3dmodel #free3dmodels #scketchfab #hobby #fanart #—Ö–æ–±–±–∏ #—Ö–∞—Ä–ª–∏–∫–≤–∏–Ω #—Ö–∞—Ä–ª–∏–∫–≤–∏–Ω–Ω #–ª—é–±–∏–º–æ–µ–¥–µ–ª–æ #dcuniverse #dcheroes #dccomics,https://www.instagram.com/p/B_IFP_rjfTs/,26,1,,2020-04-18T14:53:52.000Z,
,https://www.instagram.com/explore/search/keyword/?q=free3dmodels,3556289459354170786,DFaemvXRXWi,Image,customstonenola,Signature Custom Stone,Let us help make the most of your spaces. Come visit us at 111 West X Street Belle Chasse La 70037 or visit our website to take a sneak peak of the new stone and cabinetry options. www.signaturecustomstone.com #freeestimates #freemeasurements #freeconsultations #free3dmodels #signaturecustomstone #customstone #customcabinetry #westbanknola #louisiana #remodel #bellechasse #showroom #comevisitus #checkourwebsite #socialmedias #trending #likefollowshare #promotion #letsmakeithappen #website #fyp #viewourpages,https://www.instagram.com/p/DFaemvXRXWi/,-1,0,,2025-01-29T14:59:21.000Z,
,https://www.instagram.com/explore/search/keyword/?q=free3dmodels,3254368720459782760,C0p1xvfJdpo,Sidecar,filamentalpw,Filamental PrintWorks :: Original Art & Digital Design,"üßµ It's been long few days since my last Christmas decoration drop and I don't wanna keep stringing you along. It's time for a bold, bright banner!  Deck your halls out all the way this year with my new decorative 'MERRY CHRISTMAS' hanging text banner - 14 super fast + easy-to-print designs which string together, adding a touch of festive flair to your home for the holidays. Once they're done, all you need is a little bit of string...or even dental floss in a pinch! üòÖ  ** FREE DOWNLOAD available now on @thangs3d **  üíæ GET YOURS AT THANGS.COM üíª Link in bio! ‚òùÔ∏è  #merrychristmasyafilthyanimals #holidaydecorations #diydecor #freedigitaldownload #stlfiles #3dprintable #3dprinted #fdmprinting #christmas2023 #merrychristmas #christmasdecorating #3dmodels #free3dmodels #deckthehalls #jinglealltheway #hohoho #bigboldandbeautiful #bannerdesigns #banners #partybanner #partytime #celebration #makeitspecial #freestl #thangs3d #filamentalPW",https://www.instagram.com/p/C0p1xvfJdpo/,10,1,,2023-12-10T01:16:44.000Z,
,https://www.instagram.com/explore/search/keyword/?q=imageto3dmodel,3148823433852306994,Cuy3jrbMUYy,Image,architecday,Roberto Marin | Architettura & Tech,"[Podcast] Compromessi tecnologici - Mac Pro Pfte DLgs 36/23 | 223  Bentornati su Snap!  Dopo qualche annuncio che riguardano il mio blog Mac e Architettura con una nuova pagina in cui raccoglier√≤ i video pubblicati sul canale Youtube Architetto Digitale ed il nuovo articolo che prende spunto da uno di questi video per parlare dell'importanza della scala digitale, ci sono anche due nuovi episodi di A2 podcast: il primo in cui si riprende il tema degli strumenti per lavorare concentrati ed il secondo in compagnia dell'amico Lucio Bragagnolo in cui parliamo di vision Pro.  Passando alla parte tecnologica del nostro lavoro, attenzione sul servizio Image to 3D model e di quanto poco sia tagliato il Mac Pro per il nostro settore. Rimane centrale il BIM anche nel nuovo regolamento sui lavori pubblici, in particolar modo nel Pfte ""rafforzato"".  Buon ascolto!  Link in Bio . . . . . #architect #architetto #architettura #architecday #architetturaimperfetta #architettodigitale #podcast #snap #a2podcast #applesilicon #disegnodigitale #imageto3dmodel #lavoripubblici #macpro #pfte #righellodigitale #visionpro #youtube #tecnologia",https://www.instagram.com/p/Cuy3jrbMUYy/,2,0,,2023-07-17T10:17:06.000Z,
,https://www.instagram.com/explore/search/keyword/?q=free3dmodels,3549005277733346360,DFAmX8lSFw4,Image,tshirtcraftofficial,T-SHIRT CRAFT | DIGITAL MARKETING | ONLINE STORE,"üöÄ Free 3D Design Resources You Need to Know!  üé® For 3D Modeling: 1Ô∏è‚É£ Blender - Powerful & free 3D software 2Ô∏è‚É£ Tinkercad - Easy browser-based tool 3Ô∏è‚É£ Sculptris - Sculpt like a pro!  üì¶ Free 3D Models: 4Ô∏è‚É£ Sketchfab - Huge library of free 3D assets 5Ô∏è‚É£ TurboSquid - Download quality models 6Ô∏è‚É£ CGTrader - Models for all your needs  üåà Textures & Materials: 7Ô∏è‚É£ Textures.com - Perfect for 3D projects 8Ô∏è‚É£ Poly Haven - High-quality HDRIs & textures 9Ô∏è‚É£ AmbientCG - Free materials & textures  üé• For Animation: üîü Mixamo - Animate characters in seconds!  Which one will you try first? Let me know in the comments! üöÄ‚ú®  #3DDesign #Blender3D #3DModels #GraphicDesign #Textures #3DAnimation #FreeResources #DigitalArtists #3DRendering #ContentCreation"" #FreeResources #DesignTools #CreativeTools #DigitalTools #Free3DModels #TexturesFree #PolyHaven #AmbientCG #Learn3D #ArtLovers #DesignerLife #CreativeTools #DigitalCreativity #DesignCommunity #tshritcraft #tshirtcraftofficial",https://www.instagram.com/p/DFAmX8lSFw4/,13,0,,2025-01-19T13:46:59.000Z,
,https://www.instagram.com/explore/search/keyword/?q=imageto3dmodel,3638288021302023771,DJ9y63MRBZb,Sidecar,bairn_art,Lewis Harter,‚ÄúDarkness‚Äù #imageto3dmodel #meshyai #ai #modeling3d,https://www.instagram.com/p/DJ9y63MRBZb/,14,0,,2025-05-22T18:15:51.000Z,
,https://www.instagram.com/explore/search/keyword/?q=free3dmodels,2320408656444479375,CAzv2EFHVeP,Image,prasei_id,PRASEI,"Day 30.  One day one render. One day one model. For you who need and want to have the file of this 3D model, please leave your email by DM or comment below. Will send it, free.  Satu hari satu render. Satu hari satu model. Bagi yang perlu dan ingin memiliki file model 3D ini, silakan tinggalkan emailnya di DM atau comment di bawah. Akan dikirimkan, gratis.  #prasei #days #onedayonerender #onedayonemodel #satuharisaturender #satuharisatumodel #free3dmodels #free #gratis #nyarigratisan #3dmodels #christianliaigre #stool #liaigre #chair #foldingstool #furniture #interiordesign #3dsmax #vray #obj #render #3d #models #visualization",https://www.instagram.com/p/CAzv2EFHVeP/,18,0,,2020-05-30T10:24:49.000Z,
,https://www.instagram.com/explore/search/keyword/?q=imageto3dmodel,3533857271132780665,DEKyHcEzPh5,Sidecar,amul_motho_artz,Amul,CUTE GREEN ROBOT FOR PRINTABLE  . . @im_amalan #amulmotho  #zbrush #zbrushmodel #3d #3dprinting #3dmodeling #3dprint #3dart #keyshot #keyshot3d #keyshotrender #printing #printingmodel #3dmodel #cute #cuterobot #robots #imageto3dmodel #noai #noaiart,https://www.instagram.com/p/DEKyHcEzPh5/,15,0,,2024-12-29T16:10:36.000Z,
,https://www.instagram.com/explore/search/keyword/?q=free3dmodels,3411748461089676259,C9Y9yYuPFvj,Sidecar,sr_kerala_gamedev,SR studios KeralaüáÆüá≥,"Creepy woodüçÇüçÅ, character concept and render. Made with Maya, rendered with Arnold.  #3dmodeling #3dconceptart #retopology #quaddraw #retopologytime #zbrush #sketchfab #3dstore #download3dmodel #3dmodels #free3dmodels #assets #assetstoreunity #unityassetstore #unity3d #unrealengine #goddot #yoyogames #gamedev #gamedevelopment #online3dmodeling #lowpolymodels #gameready3dasset #pumpkin #halloween2024 #marmoset #normalmap #texturebaking",https://www.instagram.com/p/C9Y9yYuPFvj/,41,3,,2024-07-14T04:42:11.000Z,
,https://www.instagram.com/explore/search/keyword/?q=free3dmodels,3501282621155314006,DCXDf5MNglW,Image,christofer.jh,Christofer jh,3d printed Seiko Diver watch :)  #3dprinter #3dprinted #seiko #watch #3dmodel #free3dmodels,https://www.instagram.com/p/DCXDf5MNglW/,9,0,,2024-11-14T17:30:35.000Z,
,https://www.instagram.com/explore/search/keyword/?q=imageto3dmodel,2322738369035858776,CA8Bj2AjXNY,Image,3dscannerpro,3D Scanner Pro,"Welcome to the DID YOU KNOW series. More amazing facts related to new technology and 3D Modelling lined up for you, follow 3D scanner Pro.  #3dscanner #3dmodel #3dprint #3dprinter #trend #trending #3dscan #artificialintelligence #imageto3dmodel #aiml #3d #3dprinted #facts #amazingfacts #didyouknow",https://www.instagram.com/p/CA8Bj2AjXNY/,10,1,,2020-06-02T15:33:32.000Z,
,https://www.instagram.com/explore/search/keyword/?q=imageto3dmodel,3147306892124172747,CutevF4MzHL,Sidecar,hm_redux_project,Harlen Miller,"// 2D to 3D // A refined trimming method within the point cloud placing elements forward and backward in space. Influenced by the Palladian Olympic Theatre in Vicenza  Image generated in Midjourney is ran through a second AI to approximate depth estimation map, then passed through Rhino and a series of GH scripts to compile a 3D mesh. Final steps involve a light touch of Enscape materials and assets_   2D concept sketches with MidJourney  3D translation in Rhino and Grasshopper   Render in Enscape // // // #rhino3d #rhino #grasshopper3d #rhinoceros #grasshopper #palladio #theatre #aiarchitecture #rhinograsshopper #architect #architecture #architecturedesign #architect3d #2dto3d #enscape #enscape3d #aito3d #interiordesign #imageto3dmodel #imageto3d #aiart #aiartcommunity #midjourney #midjourneyart #conceptart #conceptdesign #reduxproject //",https://www.instagram.com/p/CutevF4MzHL/,66,7,,2023-07-15T08:04:00.000Z,
,https://www.instagram.com/explore/search/keyword/?q=free3dmodels,2671368619009821972,CUSm5sANM0U,Image,funwith3dprint,Fun With 3D Print,tried and printed the charizard with the standard layout in #cura so will probably have to try again üòÖ  #3dprinting #3dprint #3dprinter #pokemon #pok√©mon #creality #cr10spro #summerproject #fyp #free3dmodels,https://www.instagram.com/p/CUSm5sANM0U/,46,9,,2021-09-26T15:59:36.000Z,"Trondheim, Norway"
,https://www.instagram.com/explore/search/keyword/?q=free3dmodels,3028621904660308324,CoH05NyPqFk,Image,infinite_blender_artist,Infinite|Blender Artist,8 Best Websites to Download Free 3D Modelüòá . . . . . #website #3dsite #free3dmodels #3dprinting #4d #abimation #gamemodel #game #designer #3dscan #viral #newpost,https://www.instagram.com/p/CoH05NyPqFk/,-1,4,,2023-02-01T13:58:07.000Z,Jalna
,https://www.instagram.com/explore/search/keyword/?q=free3dmodels,3599867411177422198,DH1TFZpvD12,Image,letsconnect3d,CONNECT,"Clo3d Admiration Coat :) by @artaparsa3d  Access 10,000+ free 3D items created by top creators ‚Äì join us to unlock them all!  #CONNECT #connectofficial #digitalfashion #virtualfashion #3dmodeling #3ddesign #3dclothing #3dclothes #free3dmodels #metaverse #clovirtualfashion #clo3d #itsclo3d #clo #marvelousdesigner #jinny #closet #closetconnect",https://www.instagram.com/p/DH1TFZpvD12/,272,18,,2025-03-30T18:00:00.000Z,
,https://www.instagram.com/explore/search/keyword/?q=imageto3dmodel,2540270807511662086,CNA2tcrBv4G,Sidecar,arsoncadcamcncdesigns,ArSon CAD-CAM-CNC Designs,#Colour3Dprinting#3dsculpting #basereliefsculpture #baserelief #imageto3dmodel #humanface,https://www.instagram.com/p/CNA2tcrBv4G/,6,1,,2021-03-29T18:51:39.000Z,"Pune, Maharashtra"
,https://www.instagram.com/explore/search/keyword/?q=free3dmodels,2290103499919062252,B_IFP_rjfTs,Image,drakon_ill,drakon_ill,Special for @3dmalowanki :) –í —Å–≤–æ–±–æ–¥–Ω–æ–º –¥–æ—Å—Ç—É–ø–µ:  https://skfb.ly/6RRnq  –í—ã—Å–æ–∫–æ–ø–æ–ª–∏–≥–æ–Ω–∞–ª—å–Ω–∞—è –≤–µ—Ä—Å–∏—è —Å–∫–æ—Ä–æ –ø–æ—è–≤–∏—Ç—Å—è –Ω–∞ #patreon .  #3dmodel #3d_model #3dmodeling #3dmidellife #animestyle #zbrush #zbrushart #zbrushathome #harkeyquinn #3dprintable #free3dmodel #free3dmodels #scketchfab #hobby #fanart #—Ö–æ–±–±–∏ #—Ö–∞—Ä–ª–∏–∫–≤–∏–Ω #—Ö–∞—Ä–ª–∏–∫–≤–∏–Ω–Ω #–ª—é–±–∏–º–æ–µ–¥–µ–ª–æ #dcuniverse #dcheroes #dccomics,https://www.instagram.com/p/B_IFP_rjfTs/,26,1,,2020-04-18T14:53:52.000Z,
,https://www.instagram.com/explore/search/keyword/?q=free3dmodels,3556289459354170786,DFaemvXRXWi,Image,customstonenola,Signature Custom Stone,Let us help make the most of your spaces. Come visit us at 111 West X Street Belle Chasse La 70037 or visit our website to take a sneak peak of the new stone and cabinetry options. www.signaturecustomstone.com #freeestimates #freemeasurements #freeconsultations #free3dmodels #signaturecustomstone #customstone #customcabinetry #westbanknola #louisiana #remodel #bellechasse #showroom #comevisitus #checkourwebsite #socialmedias #trending #likefollowshare #promotion #letsmakeithappen #website #fyp #viewourpages,https://www.instagram.com/p/DFaemvXRXWi/,-1,0,,2025-01-29T14:59:21.000Z,
,https://www.instagram.com/explore/search/keyword/?q=imageto3dmodel,3639112282484997169,DKAuVcPR3wx,Image,bairn_art,Lewis Harter,‚ÄúVibrant Chaos‚Äù #imageto3dmodel #meshyai #ai,https://www.instagram.com/p/DKAuVcPR3wx/,16,1,,2025-05-23T21:33:31.000Z,
,https://www.instagram.com/explore/search/keyword/?q=free3dmodels,3347624661292097701,C51JuSZpyCl,Video,azielartsacademy,Aziel Arts | Academy for Digital Artists,Follow for more tips like this! Here are some free realistic tree packs to use in your Unreal Engine Projects.  #unrealengine #environmentart #3d #free3dmodels #ue5environment,https://www.instagram.com/p/C51JuSZpyCl/,12,0,115,2024-04-16T17:20:27.000Z,
,https://www.instagram.com/explore/search/keyword/?q=imageto3dmodel,3737885167482666163,DPfosFzAXyz,Image,popcultureworlds,Pop Culture Worlds,I still cannot believe my eyes ‚ô•Ô∏èüòÇ It's almost instantaneous conversion from image to 3D file. Check out Tripo3d here with the link below:  https://www.tripo3d.ai/app?invite_code=X6HA1X CODE : X6HA1X  #imageto3d #imageto3dmodel,https://www.instagram.com/p/DPfosFzAXyz/,0,0,,2025-10-07T04:17:36.000Z,USA
,https://www.instagram.com/explore/search/keyword/?q=imageto3dmodel,2558177348077017320,COAeL6IlNjo,Sidecar,arsoncadcamcncdesigns,ArSon CAD-CAM-CNC Designs,"#Artcam #Carveco #imageto3dmodel  #3D Tree #interiordesign  #Learn With ArSon  Follow us on telegram to see our latest work updates  https://t.me/ArSon_Artcam‚Äã‚Äã‚Äã  follow/Like our Facebook page, @Arson cad-cam-cnc designs  follow us on Instagram, @arsoncadcamcncdesigns  checkout our WhatsApp catalogue, https://wa.me/c/918850488630‚Äã‚Äã‚Äã  follow us on tumblr, http://arsoncncdesigns.tumblr.com‚Äã  üö©Check out Sculpting Video https://youtu.be/z_oD0qfgHHE‚Äã üö©Check out CNC Carving Video https://youtu.be/Zx8qFVuMKiY‚Äã üö©Check out Antique Finishing process https://youtu.be/_5sLwqhyo_8‚Äã üö©Our You tube Channel https://youtube.com/c/Avinashsonawane...‚Äã üö©like, comment ,share and subscribe,üö©",https://www.instagram.com/p/COAeL6IlNjo/,9,1,,2021-04-23T11:48:45.000Z,
,https://www.instagram.com/explore/search/keyword/?q=free3dmodels,2948880302992434384,CjshwMBAqTQ,Video,nunosilva3d,Nuno Silva,Websites to get 3D models for FREE! . #3dmodels #3dmodel #3dmodeling #free3dmodels #archviz #visualization #3dvisualization #3drender #3drendering #lumion #3dsmax #sketchup #d5render #megascans #quixel #autocad #rhino #coronarender #vray,https://www.instagram.com/p/CjshwMBAqTQ/,4888,49,60790,2022-10-14T13:27:24.000Z,
,https://www.instagram.com/explore/search/keyword/?q=free3dmodels,2732758121199754928,CXstQhPLN6w,Video,3d.designer__,DesignHunt,3d printed compass box ‚òëÔ∏è   ‚úìDesign in solidworks  üëâDm for inquires-@3d.designer__  We help you in building your empire üëç  Always Take first step with 3d model of project be professional  We convert your design ideas into reality ü§ù  . . . . . . . #compass #compassbox #geometry #pencilart #rubber #scale #3dmodel #3dprinting #flexibility #3dproject #designproject #productdesign #SOLIDWORKS #printing #order #onlineorder #instashop #sell #free3dmodels #3ddesigner #designhunt #hunter #instagood,https://www.instagram.com/p/CXstQhPLN6w/,981425,1071,22537880,2021-12-20T08:49:35.000Z,
,https://www.instagram.com/explore/search/keyword/?q=free3dmodels,3557679378709773005,DFfaouounrN,Video,alphonso_peluso,Alphonso Peluso,"Top 5 FREE places to download load 3D Models for your renders.  5. Flying Architecture  4. BIM Objects 3. 3D Warehouse  2. CG Trader 1. Herman Miller, Knoll, & Vitra  #architecture #architectureschool #architecturestudent #renders #rendering #free3dmodels #3dmodel #3dmodeling",https://www.instagram.com/p/DFfaouounrN/,3277,44,43475,2025-01-31T13:01:13.000Z,
,https://www.instagram.com/explore/search/keyword/?q=free3dmodels,3189388773702544972,CxC_DELKK5M,Image,cgi_marketplace,3D Models & 3d Tutorials,Furniture ùüëùêù ùê¶ùê®ùêùùêûùê• - ùêüùê´ùêûùêû üî•üî• https://www.learnarchviz.com/free3dmodels  Get all premium models now for FREE üòçüòç 3D models from @learnarchviz - Make sure to check his page out for more awesome 3D work . . . #3d #3dhardsurface #3drenderartist #3ddddesign #3dmodeling #3dmodel #3dmodelling #3dmodels #3dmodeler #3dmodelingshowcase #3dmodelselfie #3dfree #3dfreelancer #free #free3d #free3dmodels #free3d #free3dprint,https://www.instagram.com/p/CxC_DELKK5M/,10,0,,2023-09-11T09:33:11.000Z,
,https://www.instagram.com/explore/search/keyword/?q=imageto3dmodel,3520093939588997621,DDZ4smtNSH1,Video,jeonghopark,JeongHo Park,"Trellis3D works on Google Colab. It creates 3D assets from a single image, and it‚Äôs the most impressive I‚Äôve seen so far.  https://github.com/Microsoft/TRELLIS  #trellis3d #googlecolab #python #ai #imageto3dmodel #experiment",https://www.instagram.com/p/DDZ4smtNSH1/,110,7,739,2024-12-10T16:27:28.000Z,"Dresden-Altstadt, Sachsen, Germany"
,https://www.instagram.com/explore/search/keyword/?q=imageto3dmodel,3623905422818287117,DJKssgish4N,Image,inventorsassemble,Captain Creativity,"üö® NEW EPISODE ALERT! üö®  Want to revolutionize your 3D printing? ü§î I've found the BEST AI workflow to create stunning 3D printable models FAST ‚Äì no modeling skills required!  Dive into my latest YouTube tutorial where I combine the power of ChatGPT and Meshy.ai for some serious 3D printing magic! ‚ú®  I'll walk you through: ‚úÖ Designing custom 3D models with simple text prompts! ‚úÖ Seamlessly converting ChatGPT ideas into 3D files. ‚úÖ Mastering Meshy's amazing multi-view feature. ‚úÖ Getting your models perfectly prepped for printing (single & multi-color!).  Seriously, @MeshyAI is a game-changer for turning text or images into 3D assets. It's even recognized by A16Z and featured at GDC 2025!  üéÅ Special Offer: Get 30% OFF Meshy.ai with my code: MESHY30OFF ‚ñ∂ WATCH the FULL TUTORIAL on my YouTube channel! (Link in Bio!)  Need the 3D files?  üîó MakerWorld: https://makerworld.com/en/@CaptCreativity üîó Printables: Coming Soon!  Join the community! Follow @inventorsassemble for more!  #BestAI3DModelGenerator #ImageTo3DModel #MeshyAI #TextTo3D #3DModelingSoftware #ChatGPT #3DPrinting #CaptainCreativity #STEMeducation #3DPrintingCommunity #Maker #AIforCreatives #FutureofDesign #FunkoPop",https://www.instagram.com/p/DJKssgish4N/,3,0,,2025-05-02T22:00:13.000Z,
,https://www.instagram.com/explore/search/keyword/?q=free3dmodels,3312748430676396352,C35PyVgswlA,Video,nunosilva3d,Nuno Silva,"You asked for part 2, and here it is! Here's more websites where to download free high-quality 3d models. üí™   Should I make a part 3?? Let me know I'm the comments! üôå   Part 2 list: sabaitalia.com/en karmanitalia.it/en/ condehouse.com/ missana.es/ poliform.it/en/ diza.co/   #3d #3dmodels #free #free3dmodels #render #architecturalvisualizations #3drender #rendering #archviz",https://www.instagram.com/p/C35PyVgswlA/,2426,49,23283,2024-02-28T14:27:28.000Z,
,https://www.instagram.com/explore/search/keyword/?q=imageto3dmodel,3624415769321091173,DJMgvBwtTBl,Video,rhinotraining.ir,rhino3d | ÿ¢ŸÖŸàÿ≤ÿ¥ ÿ±ÿß€åŸÜŸà | ⁄©ŸÑÿßÿ≥ ÿ±ÿß€åŸÜŸà,Image to 3dmodel... ÿ¢ŸÖŸàÿ≤ÿ¥ ÿ™ÿ®ÿØ€åŸÑ ÿπ⁄©ÿ≥ ÿ®Ÿá ŸÖÿØŸÑ ÿ≥Ÿá ÿ®ÿπÿØ€å ... . . . ÿ®ÿ±ÿß€å ÿ¢ŸÖŸàÿ≤ÿ¥ Ÿáÿß€å ÿ®€åÿ¥ÿ™ÿ± Ÿæ€åÿ¨ ŸÖÿß ÿ±ÿß ÿØŸÜÿ®ÿßŸÑ ⁄©ŸÜ€åÿØüëá @rhinotraining.ir  . . .  #ÿ™ÿ®ÿØ€åŸÑ_ÿπ⁄©ÿ≥_ÿ®Ÿá_ŸÅÿß€åŸÑ #ÿ™ÿ®ÿØ€åŸÑ_ÿπ⁄©ÿ≥_ÿ®Ÿá_ŸÖÿØŸÑ_ÿ≥Ÿá_ÿ®ÿπÿØ€å #ÿ≥€åÿ±Ÿàÿ≥_ÿ≠ÿßŸÖÿØ€å_ŸÅÿ±  #imageto3d #imageto3dmodel #makerworld #makerworld3d,https://www.instagram.com/p/DJMgvBwtTBl/,24,11,307,2025-05-03T15:03:07.000Z,
,https://www.instagram.com/explore/search/keyword/?q=free3dmodels,3688941814564594381,DMxwQkWNSLN,Image,leap.71,LEAP 71,"We just updated our public model download page with many more 3dprintable objects generated by #Noyron, including this heat exchanger structure optimized for very rapid fluid flow. Visit the downloads section on our website, to find heat exchangers, manifolds, impellers‚Ä¶ suitable for metal powder bed fusion printing and other printing processes. Free to use and print. Give us a shoutout here if you do. #3dprinting #free3dmodels",https://www.instagram.com/p/DMxwQkWNSLN/,171,2,,2025-07-31T15:35:54.000Z,Dubai
,https://www.instagram.com/explore/search/keyword/?q=imageto3dmodel,3658365945045239672,DLFIHG0zsd4,Video,biggie_ai,ÎπÑÍ∏∞ AI  | ÏãúÍ∞Ñ ÏïÑÍª¥Ï£ºÎäî AI ÌôúÏö©Î≤ï,"Ïù¥Í≤å ÏßÑÏßú AI Î∞úÏ†ÑÏûÖÎãàÎã§. ÌÅ¥Î¶≠ Î™á Î≤àÏúºÎ°ú 3D Î™®Îç∏Ïù¥ ÏôÑÏÑ±ÎêòÎÑ§Ïöî.. #Ï†úÏûëÎπÑÏßÄÏõê  ÏµúÍ∑º AI Î™®Îç∏ÎßÅ Ìà¥ Ï§ë  Í∞ÄÏû• ÎØ∏Ïπú ÏÑ±Îä•ÏùÑ Î≥¥Ïó¨Ï£ºÎäî Meshy AIÍ∞Ä ÏóÖÎç∞Ïù¥Ìä∏ÎêêÏäµÎãàÎã§  Ïù¥ÎØ∏ÏßÄ Ìïú Ïû•Îßå ÎÑ£ÏúºÎ©¥  ÏõÄÏßÅÏù¥Îäî Í≥†ÌÄÑÎ¶¨Ìã∞ 3D Î™®Îç∏Ïù¥ ÏÉùÏÑ±ÎêòÍ≥†  Í≤åÏûÑ, ÎîîÏûêÏù∏, ÌîÑÎ¶∞ÌåÖÏö©ÏúºÎ°ú Î∞îÎ°ú ÌôúÏö© Í∞ÄÎä•Ìï¥Ïöî.  Ïù¥ÎØ∏ÏßÄÍ∞Ä ÏóÜÎã§Î©¥ ÌÖçÏä§Ìä∏Îßå ÏûÖÎ†•ÌïòÎ©¥ Ïù¥ÎØ∏ÏßÄÎ•º Ï†úÏûëÌï¥Ï£ºÍ≥†, Î™®Îç∏ÎèÑ FluxÎùºÎäî ÌÄÑÎ¶¨Ìã∞ ÎÜíÏùÄ Î™®Îç∏ÏùÑ ÏÇ¨Ïö©Ìï¥ Ïù¥ÎØ∏ÏßÄ ÌÄÑÎ¶¨Ìã∞Í∞Ä Ï¢ãÏäµÎãàÎã§.  Ïã¨ÏßÄÏñ¥ ÏÉÅÏóÖÏö©ÏúºÎ°ú ÌåêÎß§Ìï¥ ÏàòÏùµÌôîÎèÑ Í∞ÄÎä•ÌïòÎã§Îäî ÏÇ¨Ïã§!  Î∞©Î≤ïÏùÄ ÏïÑÏ£º Í∞ÑÎã®Ìï©ÎãàÎã§üëá  1. meshy.ai Ï†ëÏÜç  2. Ïù¥ÎØ∏ÏßÄ ÏÉùÏÑ± Î™®Îç∏ ÌÉ≠ÏóêÏÑú ÏÇ¨ÏßÑ Ï≤®Î∂Ä  3. ÏÉùÏÑ± Î≤ÑÌäº ÌÅ¥Î¶≠ ‚Üí 3D Î™®Îç∏ ÏôÑÏÑ±  4. ÎßàÏùåÏóê ÎìúÎäî Î™®Îç∏ ÏÑ†ÌÉù ÌõÑ ÌÖçÏä§Ï≤ò ÏÉùÏÑ± ÌÅ¥Î¶≠  Í∑∏Îüº Ïù¥Î†áÍ≤å ÎîîÌÖåÏùº ÏÇ¥ÏïÑÏûàÎäî  ÏõÄÏßÅÏù¥Îäî 3D Î™®Îç∏Ïù¥ ÏôÑÏÑ±Îê©ÎãàÎã§  Î≥µÏû°Ìïú Í≥ºÏ†ï ÏóÜÏù¥,  ÏßÑÏßú ÌÅ¥Î¶≠ Î™á Î≤àÏù¥Î©¥ ÎàÑÍµ¨ÎÇò 3D Ï†úÏûëÏûêÍ∞Ä Îê† Ïàò ÏûàÏñ¥Ïöî  üí¨ ÌåîÎ°úÏö∞ÌïòÍ≥† ÎåìÍ∏ÄÏóê ‚ÄúÎ©îÏâ¨‚Äù ÎÇ®Í∏∞Î©¥  ÏÇ¨Ïö©Î≤ï Í∞ÄÏù¥Îìú + ÌîÑÎ°¨ÌîÑÌä∏ ÏòàÏãú + 50% Ìï†Ïù∏ ÎßÅÌÅ¨ Ï†ÑÎ∂Ä Í≥µÏú†ÎìúÎ¶ΩÎãàÎã§  #MeshyAI #imageto3dmodel",https://www.instagram.com/p/DLFIHG0zsd4/,212,320,2574,2025-06-19T11:11:26.000Z,
,https://www.instagram.com/explore/search/keyword/?q=free3dmodels,2445943654375232328,CHxvMtjqBNI,Video,erken_kagarov,Erken Kagarov,You can duplicate this holographic ornament to an infinite size (there are 4 parts here). Use it without payment in your projects! search on prusaprinters.org model 46482 #3Dprinting #prusaprinters #3dprinted #3dprint #3dprintable #hologram #3dillusion #PrusaPrinters  #opticalillusion #opticalillusions #3d #free3dmodels #3dheart #3dhearts #3dpattern #pattern #3dillusion,https://www.instagram.com/p/CHxvMtjqBNI/,49,4,499,2020-11-19T15:20:42.000Z,
,https://www.instagram.com/explore/search/keyword/?q=free3dmodels,3481000149360214938,DBO_zFVsoOa,Image,noblessexhair,Noblesse Hair,"[THIS IS HALLOWEEN] - NAILS D03  - Made in Blender 4.0.2  - Custom shaders, change the colors as you like. - Full mesh, 3d and 2d art by ourselves.  Available on our Patreon on ""Accessories"", ""Lady"", ""Ladies and Gentlemen"", ""Legacy"" and ""Star!"" tiers.  Link : https://www.patreon.com/posts/this-is-nails-114192413  Tags : #blender #nails #nailart #3dnails #3dcontent #3dnailart #noblessexhair #halloween #3dmodel #free3dmodels",https://www.instagram.com/p/DBO_zFVsoOa/,-1,17,,2024-10-17T17:52:56.000Z,
,https://www.instagram.com/explore/search/keyword/?q=imageto3dmodel,2275345740246548269,B-TpuU8l_8t,Video,3dscannerpro,3D Scanner Pro,Body parts - 3D model Scan your ear for 30sec from all around and get a 3D model of your ear.  #Coronavirus #21daysLockdownIndia #Lockdown #3dmodel #discount #sale #3Dscanner #imageTo3dModel #3DScan #3DPrint #3DBodyParts #Bodyparts #ear #ear3DModel,https://www.instagram.com/p/B-TpuU8l_8t/,6,0,91,2020-03-29T06:13:04.000Z,
,https://www.instagram.com/explore/search/keyword/?q=imageto3dmodel,3437454582377535671,C-0SrryJti3,Sidecar,juan1vega1,Juan Vega,"Once upon a time‚Ä¶. üì∏1: Alguna gente se rehusaba a pasar de an√°logo a digital, hoy de utilizar inteligencia artificial, ignorando que desde hace a√±os est√° presente en nuestro d√≠a a d√≠a a todas horas‚Ä¶‚Ä¶‚Ä¶‚Ä¶‚Ä¶‚Ä¶‚Ä¶‚Ä¶‚Ä¶‚Ä¶‚Ä¶‚Ä¶. üì∏2 :Carro creado con: -AI: imagen a 3d  Accesorios con: -AI: prompt a 3d.  La inteligencia artificial convierte(retopology) a malla para video juego(low Poly). Con texturas‚Ä¶‚Ä¶‚Ä¶‚Ä¶‚Ä¶‚Ä¶‚Ä¶‚Ä¶‚Ä¶‚Ä¶.Creaci√≥n de AI model: üì∏3  Alimento AI con im√°genes -> est√° crea un Ai model q junto con un prompt comienza a generar contenido con mi AI model o de otros‚Ä¶‚Ä¶‚Ä¶‚Ä¶‚Ä¶‚Ä¶‚Ä¶‚Ä¶‚Ä¶. üì∏4: Eres de los que le gusta capturar momentos? O de los que en alg√∫n viaje coloca un tr√≠pode y dice, aqu√≠ hay un espacio para algo mas que la realidad, algo que solo yo pueda ver. Esto se trata de interpretaci√≥n.  #Ai #artificialintelligence  #photography #imageto3dmodel #aimodel",https://www.instagram.com/p/C-0SrryJti3/,12,0,,2024-08-18T15:55:40.000Z,
,https://www.instagram.com/explore/search/keyword/?q=imageto3dmodel,3465255123740179162,DAXDyziorra,Sidecar,corradocdesign,Corrado Cucculelli,"I‚Äôve been experimenting with image-to-3D conversions using #meshyai, and I wanted to share some thoughts :  In my first test, the #topology came out really well, but the geometry didn‚Äôt quite match the 2D image. In a second test, where the bracelet #design was continuous and without any hole, the geometry improved significantly, and the topology was still great.  Hoping that over the next few months, AI systems like these will get even better at aligning 2D images with final 3D models. üòé  #meshyai #design #productdesign #fashion #fashionjewelry #accessories #ai #artificialintelligence #imageto3d #imageto3dmodel #experimenting #creative #designer",https://www.instagram.com/p/DAXDyziorra/,10,0,,2024-09-26T00:30:23.000Z,Planet Earth
,https://www.instagram.com/explore/search/keyword/?q=imageto3dmodel,3762907500602209555,DQ4iG9gDDUT,Video,themuhamedkoc,Muhammed Ko√ß | Teknoloji / √úr√ºn ƒ∞nceleme,Yapay zeka ile 3D modelleri en hƒ±zlƒ± ve en kolay ≈üekilde olu≈üturun ve bu modelleri satarak para kazanabilirsiniz. En iyi √ºcretsiz 3D model aracƒ±‚Äônƒ± tanƒ±ttƒ±m bug√ºn size. #ai3dmodelgenerator #imageto3dmodel #meshyai #mostuseful3dmodeltool #bestgameassetgenerator #textto3d #3dmodelingsoftware #technology #teknoloji #yapayzeka #ai | REKLAM,https://www.instagram.com/p/DQ4iG9gDDUT/,-1,0,40235,2025-11-10T16:57:32.000Z,
,https://www.instagram.com/explore/search/keyword/?q=free3dmodels,2920611210681969065,CiIGGwLuOmp,Image,gustoysbr,Gus Toys,Arquivo do cajado em 3d no youtube link na bio. free file of staff link on bio #twitch #free3d #free3dmodels #toystory #toystorycollector #toystorymania #toystoryfans #toystoryfan #pixarfan #disneypixar #funny #disneycollector #disneycollection #toystorycollection #toystoryobsessed #brinquedos #toyphoto #toyphotography #figures #photooftheday #actionfigures #figurasdeacao #toycollector #toycollection #moviescenes #collection #colecao #mattelbrasil #mattelpixar #pixarmattel,https://www.instagram.com/p/CiIGGwLuOmp/,91,5,,2022-09-05T13:20:09.000Z,
,https://www.instagram.com/explore/search/keyword/?q=imageto3dmodel,2279810441100259211,B-jg4RpAe-L,Video,3dscannerpro,3D Scanner Pro,"""Edit request"" feature in 3D scanner pro gives you clean 3D model. Our last post(Original model)  #Buddha  #Coronavirus #21daysLockdownIndia #Lockdown #3dmodel  #3Dscanner #imageTo3dModel #3DScan #3DPrint  Play store - http://ow.ly/XUoD50yWee2 App store - http://ow.ly/c57i50yWedY",https://www.instagram.com/p/B-jg4RpAe-L/,6,0,43,2020-04-04T10:03:38.000Z,"Portland, Oregon"
,https://www.instagram.com/explore/search/keyword/?q=imageto3dmodel,3520085879764210518,DDZ23UaNtNW,Sidecar,jeonghopark,JeongHo Park,"Trellis3D works on Google Colab. It creates 3D assets from a single image, and it‚Äôs the most impressive I‚Äôve seen so far.  https://github.com/Microsoft/TRELLIS  #trellis3d #googlecolab #python #ai #imageto3dmodel #experiment",https://www.instagram.com/p/DDZ23UaNtNW/,95,1,,2024-12-10T16:09:18.000Z,"Dresden-Altstadt, Sachsen, Germany"
,https://www.instagram.com/explore/search/keyword/?q=imageto3dmodel,3143053016164343794,CueXhDKsh_y,Sidecar,hm_redux_project,Harlen Miller,"// 2D to 3D // A refined trimming method within the point cloud placing elements forward and backward in space. Influenced by the Palladian Olympic Theatre in Vicenza  Image generated in Midjourney is ran through a second AI to approximate depth estimation map, then passed through Rhino and a series of GH scripts to compile a 3D mesh. Final steps involve a light touch of Enscape materials and assets_   2D concept sketches with MidJourney  3D translation in Rhino and Grasshopper   Render in Enscape // // // #rhino3d #rhino #grasshopper3d #rhinoceros #grasshopper #palladio #theatre #aiarchitecture #rhinograsshopper #architect #architecture #architecturedesign #architect3d #2dto3d #enscape #enscape3d #aito3d #interiordesign #imageto3dmodel #imageto3d #aiart #aiartcommunity #midjourney #midjourneyart #conceptart #conceptdesign #reduxproject //",https://www.instagram.com/p/CueXhDKsh_y/,63,4,,2023-07-09T11:12:18.000Z,
