channel_name,subscribers,last_video_date,last_video_views,country,url,channel_id,,
IGN,19500000,2025/11/16,6875,US,https://www.youtube.com/channel/UCKy1dAqELo0zrOtPkf0eTMw,UCKy1dAqELo0zrOtPkf0eTMw,,
freeCodeCamp.org,11300000,2025/11/15,3443,US,https://www.youtube.com/channel/UC8butISFwT-Wl7EV0hUK0BQ,UC8butISFwT-Wl7EV0hUK0BQ,,
Kat Longoria,5400000,2025/11/8,420350,,https://www.youtube.com/channel/UCz-_g3nVpinMkvs-n9XZf_A,UCz-_g3nVpinMkvs-n9XZf_A,,
Unnecessary Inventions,5310000,2025/11/13,166553,US,https://www.youtube.com/channel/UCB4NFn-8oipHct0IfAQBQrQ,UCB4NFn-8oipHct0IfAQBQrQ,,
ElliotSimms,4310000,2025/11/15,55859,US,https://www.youtube.com/channel/UCgeit8Z93GU92Tw-XNF2yfw,UCgeit8Z93GU92Tw-XNF2yfw,,
KBS News,3490000,2025/11/17,949,KR,https://www.youtube.com/channel/UCcQTRi69dsVYHN3exePtZ1A,UCcQTRi69dsVYHN3exePtZ1A,,
AirwaveMusicTV,3440000,2025/11/16,3185,DE,https://www.youtube.com/channel/UCwIgPuUJXuf2nY-nKsEvLOg,UCwIgPuUJXuf2nY-nKsEvLOg,,
키에커,3280000,2025/11/16,67846,KR,https://www.youtube.com/channel/UC6u3fosnyufBiUiS3w609zw,UC6u3fosnyufBiUiS3w609zw,,
marsgizmo,3070000,2025/7/24,435868,US,https://www.youtube.com/channel/UCMgE5ns0gsEvbYiiCwnyaDA,UCMgE5ns0gsEvbYiiCwnyaDA,,
Daniel Krafft,2380000,2025/10/25,460895,US,https://www.youtube.com/channel/UCojEXrCBzO-cP2N5YlRcrWw,UCojEXrCBzO-cP2N5YlRcrWw,,
악동 김블루,2180000,2025/11/17,50857,KR,https://www.youtube.com/channel/UCNzcxCN_Hh_lu5RCSFXKgGQ,UCNzcxCN_Hh_lu5RCSFXKgGQ,,
Pirate Software,2050000,2025/11/15,4705,US,https://www.youtube.com/channel/UCMnULQ6F6kLDAHxofDWIbrw,UCMnULQ6F6kLDAHxofDWIbrw,,
CarterPCs,1920000,2025/11/17,12506,US,https://www.youtube.com/channel/UCi7wDE2ZTiR5QYYrUY5WhtA,UCi7wDE2ZTiR5QYYrUY5WhtA,,
김재원의 즐거운 세상,1870000,2025/4/13,1495732,KR,https://www.youtube.com/channel/UCta_NRwnsUaew0t3VNxBNyg,UCta_NRwnsUaew0t3VNxBNyg,,
ootb STUDIO,1790000,2025/11/16,34667,KR,https://www.youtube.com/channel/UCRmm8763aqO0CoeLCA2jNSA,UCRmm8763aqO0CoeLCA2jNSA,,
Caleb Natale,1760000,2025/11/14,15316,US,https://www.youtube.com/channel/UC1vY3FaEJYblWQ5Sa9K9-sQ,UC1vY3FaEJYblWQ5Sa9K9-sQ,,
부읽남TV_내집마련부터건물주까지,1660000,2025/11/17,0,KR,https://www.youtube.com/channel/UC2QeHNJFfuQWB4cy3M-745g,UC2QeHNJFfuQWB4cy3M-745g,,
사코팍 SAKOPAK,1650000,2025/11/13,0,,https://www.youtube.com/channel/UCM5Ij_HwT8V6xPT9cRBFjJw,UCM5Ij_HwT8V6xPT9cRBFjJw,,
오빠두엑셀 l 엑셀 강의 대표채널,1610000,2025/11/14,278422,KR,https://www.youtube.com/channel/UCZ6UHYBQFBe14WUgxlgmYfg,UCZ6UHYBQFBe14WUgxlgmYfg,,
ForgeCore,1610000,2025/11/14,3096217,US,https://www.youtube.com/channel/UC9qoB5JgECKwB4y2oYC712w,UC9qoB5JgECKwB4y2oYC712w,,
WifiEli,1530000,2025/11/10,58041,US,https://www.youtube.com/channel/UC7T1LDwIGEAB7awKsXSBcAA,UC7T1LDwIGEAB7awKsXSBcAA,,
The Fast Lane Car,1530000,2025/11/15,8603,US,https://www.youtube.com/channel/UC6S0jAvcapqJ48ZzLfva12g,UC6S0jAvcapqJ48ZzLfva12g,,
Ryan Kennedy,1300000,2025/11/17,755,US,https://www.youtube.com/channel/UCTkhZGtANjMzXpgDUE7HLUA,UCTkhZGtANjMzXpgDUE7HLUA,,
Albert Vishi,1300000,2025/11/17,0,US,https://www.youtube.com/channel/UCkR6Qmd9HczDLoegJoT1NeQ,UCkR6Qmd9HczDLoegJoT1NeQ,,
언더스탠딩 : 세상의 모든 지식,1270000,2025/11/16,109598,KR,https://www.youtube.com/channel/UCIUni4ScRp4mqPXsxy62L5w,UCIUni4ScRp4mqPXsxy62L5w,,
빨간내복야코,1240000,2025/11/15,113940,KR,https://www.youtube.com/channel/UCWhiqHa4dVohOTSUQwK-l2g,UCWhiqHa4dVohOTSUQwK-l2g,,
Unity,1210000,2025/11/14,2900,,https://www.youtube.com/channel/UCG08EqOAXJk_YXPDsAvReSg,UCG08EqOAXJk_YXPDsAvReSg,,
Frankly Built,1190000,2025/11/14,12367,US,https://www.youtube.com/channel/UCsnKS1fVNJ1yjCkGOXXDd4A,UCsnKS1fVNJ1yjCkGOXXDd4A,,
815머니톡,1150000,2025/11/17,1044,KR,https://www.youtube.com/channel/UCCG6BEYjfQMGzypJw2EJCDQ,UCCG6BEYjfQMGzypJw2EJCDQ,,
MTN 머니투데이방송,1140000,2025/11/17,41,KR,https://www.youtube.com/channel/UClErHbdZKUnD1NyIUeQWvuQ,UClErHbdZKUnD1NyIUeQWvuQ,,
알간지Alganzi,1120000,2025/2/25,452287,US,https://www.youtube.com/channel/UC4wMRlYVDQqPbIMZb-DqH1A,UC4wMRlYVDQqPbIMZb-DqH1A,,
이연LEEYEON,953000,2025/11/16,28279,KR,https://www.youtube.com/channel/UCKw7Jsu2cMU_D4yK8VMms1Q,UCKw7Jsu2cMU_D4yK8VMms1Q,,
Fancy,851000,2025/10/23,276881,US,https://www.youtube.com/channel/UCRJilf8hdkxHQqrQa_CafyA,UCRJilf8hdkxHQqrQa_CafyA,,
DucThang Ds,838000,2025/11/16,14388,VN,https://www.youtube.com/channel/UCHMiVk1X8dT1f_YCLFY5gdA,UCHMiVk1X8dT1f_YCLFY5gdA,,
1분 뚝딱 랭킹,802000,2025/11/16,33584,KR,https://www.youtube.com/channel/UCBM4rRGFLWnj6-7tizr2p-w,UCBM4rRGFLWnj6-7tizr2p-w,,
Polaristuff,800000,2025/11/14,10230,US,https://www.youtube.com/channel/UCvQ73tpu1C78RnzajHhLMAw,UCvQ73tpu1C78RnzajHhLMAw,,
EO Korea,739000,2025/11/15,20290,KR,https://www.youtube.com/channel/UCQ2DWm5Md16Dc3xRwwhVE7Q,UCQ2DWm5Md16Dc3xRwwhVE7Q,,
3D Printing Doctor,707000,2025/11/15,2485,US,https://www.youtube.com/channel/UCfE4CryKE10n5LJFLNpDoUw,UCfE4CryKE10n5LJFLNpDoUw,,
3D Printing Nerd,688000,2025/11/15,0,US,https://www.youtube.com/channel/UC_7aK9PpYTqt08ERh1MewlQ,UC_7aK9PpYTqt08ERh1MewlQ,,
조코딩 JoCoding,683000,2025/11/16,7525,KR,https://www.youtube.com/channel/UCQNE2JmbasNYbjGAcuBiRRg,UCQNE2JmbasNYbjGAcuBiRRg,,
JUNGSAEMMOOL,669000,2025/11/17,2537,KR,https://www.youtube.com/channel/UCtCpkkzNnYixE9GEJVaCI8g,UCtCpkkzNnYixE9GEJVaCI8g,,
독고독채널,653000,2025/11/16,165938,KR,https://www.youtube.com/channel/UCEUSANZNPXY1JsBoqhQIgxQ,UCEUSANZNPXY1JsBoqhQIgxQ,,
Queen Chelsea,640000,2025/10/23,22599,,https://www.youtube.com/channel/UCy370DpznRN0DE9jL1oegkA,UCy370DpznRN0DE9jL1oegkA,,
Life in 3D,587000,2025/10/31,56372,US,https://www.youtube.com/channel/UC6hUJrqT-f4lfKHQ6_gOw2A,UC6hUJrqT-f4lfKHQ6_gOw2A,,
뚝딱 상식 뚝배기,567000,2025/11/16,111386,KR,https://www.youtube.com/channel/UCAIMfhYpcQ7bI1fRQqQT1Dw,UCAIMfhYpcQ7bI1fRQqQT1Dw,,
ChungKang Animation School,563000,2025/11/14,12834,KR,https://www.youtube.com/channel/UCF5j4YUDyqY_jJRSNfBCfjA,UCF5j4YUDyqY_jJRSNfBCfjA,,
GDC Festival of Gaming,548000,2025/10/23,2349,US,https://www.youtube.com/channel/UC0JB7TSe49lg56u6qH8y_MQ,UC0JB7TSe49lg56u6qH8y_MQ,,
Uncle Jessy,540000,2025/11/16,14403,US,https://www.youtube.com/channel/UC8i8e7likh-EYMq1bZ0ttHw,UC8i8e7likh-EYMq1bZ0ttHw,,
Polygon Runway,525000,2025/11/16,1215,SK,https://www.youtube.com/channel/UCGSJevmBuDyxjLLOBNaYMGA,UCGSJevmBuDyxjLLOBNaYMGA,,
3D Printer Academy,513000,2025/11/12,115872,US,https://www.youtube.com/channel/UC4OPqfX3clJgmb_K72Pu-kA,UC4OPqfX3clJgmb_K72Pu-kA,,
Obaeda Korani,467000,2025/10/13,14286,AE,https://www.youtube.com/channel/UCO67XybFBWeMSw4SLCu2mSQ,UCO67XybFBWeMSw4SLCu2mSQ,,
뭐랭하맨,446000,2025/11/15,813855,KR,https://www.youtube.com/channel/UC6Qi6gcKP9VOHrIcFLtISmQ,UC6Qi6gcKP9VOHrIcFLtISmQ,,
BTS - Topic,444000,,,,https://www.youtube.com/channel/UC9vrvNSL3xcWGSkV86REBSg,UC9vrvNSL3xcWGSkV86REBSg,,
SetupsAI,434000,2025/11/16,19314,US,https://www.youtube.com/channel/UC0xHrJNbxHmFnUP-49WYM-Q,UC0xHrJNbxHmFnUP-49WYM-Q,,
"라이프해커,자청",429000,2025/11/6,17305,,https://www.youtube.com/channel/UCONUFWDbb9Y338NVLGQid3Q,UCONUFWDbb9Y338NVLGQid3Q,,
Thomas Brush,428000,2025/11/14,4056,US,https://www.youtube.com/channel/UCuHVjteDW9tCb8QqMrtGvwQ,UCuHVjteDW9tCb8QqMrtGvwQ,,
경주최씨 충렬공파 39대손,385000,2025/11/14,151614,KR,https://www.youtube.com/channel/UCC3tMVyct58LpmmwH2ydDuw,UCC3tMVyct58LpmmwH2ydDuw,,
KTVU FOX 2 San Francisco,356000,2025/11/17,286,US,https://www.youtube.com/channel/UCVhtkN7-c8mA8GXEoxS4YQw,UCVhtkN7-c8mA8GXEoxS4YQw,,
Ryan King Art,352000,2025/11/16,2037,US,https://www.youtube.com/channel/UCIXjev1_mJ1plJhF9lGarQg,UCIXjev1_mJ1plJhF9lGarQg,,
Devslopes,352000,2025/8/28,6777,US,https://www.youtube.com/channel/UClLXKYEEM8OBBx85DOa6-cg,UClLXKYEEM8OBBx85DOa6-cg,,
이데일리TV,347000,2025/11/17,23,KR,https://www.youtube.com/channel/UC8Sv6O3Ux8ePVqorx8aOBMg,UC8Sv6O3Ux8ePVqorx8aOBMg,,
MD Talk,344000,2025/11/10,1016,IN,https://www.youtube.com/channel/UCzrBR9Zo-bobJFsL9CDjTiQ,UCzrBR9Zo-bobJFsL9CDjTiQ,,
Nice Tower,333000,2025/11/13,293,US,https://www.youtube.com/channel/UCK_0AfnQY3I_wUsF24Ik_3w,UCK_0AfnQY3I_wUsF24Ik_3w,,
InspirationTuts,329000,2025/11/13,3867,US,https://www.youtube.com/channel/UCDdv3C21EFv7MxBMu70OExw,UCDdv3C21EFv7MxBMu70OExw,,
Paul Priestley Art,320000,2025/5/23,5482,GB,https://www.youtube.com/channel/UCMyMtFsqCf0K3Boa1Ig0ApA,UCMyMtFsqCf0K3Boa1Ig0ApA,,
BlenderVitals,315000,2025/11/13,337963,GB,https://www.youtube.com/channel/UCfvTsanyD_yEQ3ydYLC-IKA,UCfvTsanyD_yEQ3ydYLC-IKA,,
SouthernShotty,308000,2025/11/11,24642,US,https://www.youtube.com/channel/UCOWrbryuVEPUMSSgayuLURg,UCOWrbryuVEPUMSSgayuLURg,,
"엄마, 내가 알려줄게",305000,2025/10/16,4725,US,https://www.youtube.com/channel/UCnVRuU0conY38Q4h-JGViWA,UCnVRuU0conY38Q4h-JGViWA,,
BlenderHub,304000,2025/11/16,19582,DZ,https://www.youtube.com/channel/UCGul9L7LZ2vnUR9IFLJINjw,UCGul9L7LZ2vnUR9IFLJINjw,,
ProductionCrate,297000,2025/11/4,2763,US,https://www.youtube.com/channel/UCtl5VdRFeerk0-xAGBpMbdw,UCtl5VdRFeerk0-xAGBpMbdw,,
JJ Shankles,296000,2025/11/12,26075,US,https://www.youtube.com/channel/UCHH_3lX8QShJnhHVA422OCQ,UCHH_3lX8QShJnhHVA422OCQ,,
Acerola,295000,,,US,https://www.youtube.com/channel/UCQG40havu4kNpB4pxUDQhYQ,UCQG40havu4kNpB4pxUDQhYQ,,
Gaku Lange,293000,,,JP,https://www.youtube.com/channel/UCotHOQwrGyPu6XH_fjRm8VA,UCotHOQwrGyPu6XH_fjRm8VA,,
이웃집사장,282000,2025/11/14,1957,KR,https://www.youtube.com/channel/UC6w43bdyvx21dHu9gfQjS2g,UC6w43bdyvx21dHu9gfQjS2g,,
randy,279000,2025/9/16,8320,AU,https://www.youtube.com/channel/UCUmLRMERmJrmUtgnbFfknAg,UCUmLRMERmJrmUtgnbFfknAg,,
Royal Skies,279000,2025/11/5,17493,US,https://www.youtube.com/channel/UC2U5mRfclG1Rrr1ztNkpGKA,UC2U5mRfclG1Rrr1ztNkpGKA,,
wittworks,275000,2025/10/23,25017,US,https://www.youtube.com/channel/UCGhyz7J9HmS0GT8Y_BR_crA,UCGhyz7J9HmS0GT8Y_BR_crA,,
Juniper Dev,261000,2025/11/12,50307,US,https://www.youtube.com/channel/UChzRJQ-MbpcIxFT5YLW1R9w,UChzRJQ-MbpcIxFT5YLW1R9w,,
Goodgis,252000,2025/10/30,155469,US,https://www.youtube.com/channel/UCdXUwmzmhitTRqtPLazyetg,UCdXUwmzmhitTRqtPLazyetg,,
Gleb Alexandrov,235000,2025/11/13,5537,PL,https://www.youtube.com/channel/UCVA3cYOgsTN4hs3v7pjne7w,UCVA3cYOgsTN4hs3v7pjne7w,,
Jonas Tyroller,223000,2025/11/16,8256,DE,https://www.youtube.com/channel/UC_p_9arduPuxM8DHTGIuSOg,UC_p_9arduPuxM8DHTGIuSOg,,
Steven,213000,2025/8/28,2711,US,https://www.youtube.com/channel/UCUd0Pj06Jt1kgW-VdvmgIQQ,UCUd0Pj06Jt1kgW-VdvmgIQQ,,
CLIP STUDIO,212000,2025/11/12,6359,JP,https://www.youtube.com/channel/UCE05Loo-ADhXiofF6poA4SA,UCE05Loo-ADhXiofF6poA4SA,,
DECODED,207000,2025/10/21,104512,GB,https://www.youtube.com/channel/UC6gJtkKLq7MTkm0SJRpYBWg,UC6gJtkKLq7MTkm0SJRpYBWg,,
Timothy Cain,193000,2025/11/14,3188,US,https://www.youtube.com/channel/UCTAfm-YD2M9xzvbYvRc5ttA,UCTAfm-YD2M9xzvbYvRc5ttA,,
Slant 3D,189000,2025/11/15,399,US,https://www.youtube.com/channel/UC6QNjBn6KMq5-pe3OE11zZg,UC6QNjBn6KMq5-pe3OE11zZg,,
Animaker,187000,2025/11/14,374,US,https://www.youtube.com/channel/UCugfZrsRFwE32HcHcLbUTAQ,UCugfZrsRFwE32HcHcLbUTAQ,,
INSIDE MOTION PICTURES,186000,2025/11/15,2201,IN,https://www.youtube.com/channel/UCNXkQ4ZV_7mk6JtT1ZEMhPA,UCNXkQ4ZV_7mk6JtT1ZEMhPA,,
MaK Handwriting and Calligraphy,185000,2025/11/16,3840,IN,https://www.youtube.com/channel/UCzeLgQ_CtA5DNBd8Qk12T_Q,UCzeLgQ_CtA5DNBd8Qk12T_Q,,
osasart,180000,2025/11/8,7131,US,https://www.youtube.com/channel/UCMP78kZlE3_7elXTXMzIhdA,UCMP78kZlE3_7elXTXMzIhdA,,
2D 3DMyanmar,179000,2025/11/17,445,TH,https://www.youtube.com/channel/UCdE42QlEHIG4klUsUfg2X6Q,UCdE42QlEHIG4klUsUfg2X6Q,,
DevDuck,176000,2025/10/25,10175,US,https://www.youtube.com/channel/UCKCTmact-90hXpV2ns8GSsA,UCKCTmact-90hXpV2ns8GSsA,,
Aung 3D 2D,173000,2025/11/15,27545,TH,https://www.youtube.com/channel/UCKyvw8f9KE9fhDnmKvdFFMw,UCKyvw8f9KE9fhDnmKvdFFMw,,
Shapr3D,172000,2025/11/14,5952,HU,https://www.youtube.com/channel/UCH90gLg5uMPqmAPis2dSDgQ,UCH90gLg5uMPqmAPis2dSDgQ,,
USSA: Woodworking+3D Printing,171000,2025/11/13,28895,US,https://www.youtube.com/channel/UCUzWCK7K8Q--AyJnIyD6Fyw,UCUzWCK7K8Q--AyJnIyD6Fyw,,
알린 ALINN,169000,2025/11/12,35336,,https://www.youtube.com/channel/UCf9yTGvaf5HL8CCPxIanENg,UCf9yTGvaf5HL8CCPxIanENg,,
Inbound Shovel,166000,2025/11/15,83,US,https://www.youtube.com/channel/UCdYwjLVP-98bptdlQFO_5zQ,UCdYwjLVP-98bptdlQFO_5zQ,,
KRON 4,161000,2025/11/17,74,US,https://www.youtube.com/channel/UCVWQWc8PXy6Itt7YNrivOYw,UCVWQWc8PXy6Itt7YNrivOYw,,
Resonant Arc,160000,2025/11/10,12007,US,https://www.youtube.com/channel/UCFzWAEPDGiY34bGpwM_DWmA,UCFzWAEPDGiY34bGpwM_DWmA,,
Dan Kieft,155000,2025/11/12,37875,,https://www.youtube.com/channel/UCdNj_PP__5kKtjZabuEjbqA,UCdNj_PP__5kKtjZabuEjbqA,,
인벤,152000,2025/9/29,5425,KR,https://www.youtube.com/channel/UCQePzo3_oRB-6RAzBioc6pg,UCQePzo3_oRB-6RAzBioc6pg,,
SimTek Game Development,150000,2025/11/11,8023,US,https://www.youtube.com/channel/UC0WH048emp1tAVI5LpcJxmg,UC0WH048emp1tAVI5LpcJxmg,,
The 3D Printing Zone,144000,2025/10/28,2804,US,https://www.youtube.com/channel/UCuwjhSZ1dUKIOO8ZnqYrP1g,UCuwjhSZ1dUKIOO8ZnqYrP1g,,
Blender Ustad,137000,2025/11/9,1297,PK,https://www.youtube.com/channel/UCpm_v7izR_v8RX9U1hv7JiA,UCpm_v7izR_v8RX9U1hv7JiA,,
Route 9 루트나인,136000,2025/11/13,5243,US,https://www.youtube.com/channel/UCQ2a9oTOgf1P5y32uiS-whQ,UCQ2a9oTOgf1P5y32uiS-whQ,,
MVK Art's,135000,2025/10/29,1987,IN,https://www.youtube.com/channel/UCkb3KRB72YBKf9cEHKgh41A,UCkb3KRB72YBKf9cEHKgh41A,,
Spline,133000,2025/11/14,1627,US,https://www.youtube.com/channel/UCjnuBkgYrryPxDuKz0eG09Q,UCjnuBkgYrryPxDuKz0eG09Q,,
Aryan,133000,2025/11/14,132912,DK,https://www.youtube.com/channel/UCRRBM6rygnpD9_Ja_OYgLwA,UCRRBM6rygnpD9_Ja_OYgLwA,,
3D Printed Tabletop,131000,2022/6/8,31796,US,https://www.youtube.com/channel/UCr_uz-iWzyR1VJNlN-E1y7w,UCr_uz-iWzyR1VJNlN-E1y7w,,
김그륜,130000,2025/11/13,3068141,,https://www.youtube.com/channel/UCAQ-_H4rACX-aoMPDPGGxBQ,UCAQ-_H4rACX-aoMPDPGGxBQ,,
Twinmotion,125000,2025/11/15,2885,US,https://www.youtube.com/channel/UCOjK8lWjcjDowBMKV7n3xhA,UCOjK8lWjcjDowBMKV7n3xhA,,
3D Bibi,121000,2025/10/4,11290,JP,https://www.youtube.com/channel/UCdsaBup0zyfwAzDtkM6qvaw,UCdsaBup0zyfwAzDtkM6qvaw,,
ActionVFX,118000,2025/11/6,784,US,https://www.youtube.com/channel/UCqygDczqPpXGYqHXtcsmyFg,UCqygDczqPpXGYqHXtcsmyFg,,
Emonee LaRussa,116000,2025/11/14,27724,,https://www.youtube.com/channel/UCJc7M_Yntt8owOpIwvnIndA,UCJc7M_Yntt8owOpIwvnIndA,,
GAURAV 3D AI EDITOR,114000,2025/11/16,4012,,https://www.youtube.com/channel/UC163OEBzpO91zSVrvLraZRw,UC163OEBzpO91zSVrvLraZRw,,
Tomb of 3D Printed Horrors (Fat Dragon Games),114000,2025/11/13,565,US,https://www.youtube.com/channel/UC5Lbnd97HV3rU98gcwHklzQ,UC5Lbnd97HV3rU98gcwHklzQ,,
PrintMeister,114000,2025/8/1,12789,US,https://www.youtube.com/channel/UCKUXLlGbWJCkrO85hirdKtw,UCKUXLlGbWJCkrO85hirdKtw,,
Pixlways,109000,2025/10/27,58789,US,https://www.youtube.com/channel/UCQ-K5Pzx55EYaBbNqITDRdw,UCQ-K5Pzx55EYaBbNqITDRdw,,
Explore Create Capture,103000,2025/10/31,10556,IE,https://www.youtube.com/channel/UCPV-AKhekLp7FQV08TfYY5Q,UCPV-AKhekLp7FQV08TfYY5Q,,
프로에펙러 Pro AE,101000,2025/11/12,10278,KR,https://www.youtube.com/channel/UC_e-y9mmeAbx7oGlhFyvG9w,UC_e-y9mmeAbx7oGlhFyvG9w,,
On Mars 3D,97600,2025/11/16,8104,US,https://www.youtube.com/channel/UCR5O7XNqQ9Fc_unQrgLnAIw,UCR5O7XNqQ9Fc_unQrgLnAIw,,
NPS 3D™,95600,2025/11/16,2700,IN,https://www.youtube.com/channel/UCfxNB75-9bobeRolvJ9x_1g,UCfxNB75-9bobeRolvJ9x_1g,,
ElevenLabs,95500,2025/11/14,2289,,https://www.youtube.com/channel/UC-ew9TfeD887qUSiWWAAj1w,UC-ew9TfeD887qUSiWWAAj1w,,
Braden,93900,2025/11/14,7448,US,https://www.youtube.com/channel/UClbvHxGrjMU3M39PwzRXuKw,UClbvHxGrjMU3M39PwzRXuKw,,
Daz 3D,90200,2025/11/10,1013,US,https://www.youtube.com/channel/UC38T95wHAxyCrOO6b1tD7Nw,UC38T95wHAxyCrOO6b1tD7Nw,,
iHeartGameDev,89200,2024/12/28,9708,US,https://www.youtube.com/channel/UC9uqO0ei_zOHotEWfEj72mw,UC9uqO0ei_zOHotEWfEj72mw,,
Wade McMaster - Creator Impact,89000,2025/11/13,3917,AU,https://www.youtube.com/channel/UCcCzzSbdw5-qmdF_NuTtb2w,UCcCzzSbdw5-qmdF_NuTtb2w,,
메타코드M,82800,2025/11/16,838,KR,https://www.youtube.com/channel/UChu25pJgVZB3p0dVEgmU0PQ,UChu25pJgVZB3p0dVEgmU0PQ,,
디고디원찬 DESIGN,78800,2025/11/16,5398,KR,https://www.youtube.com/channel/UCvcGy6uMg0kwTyEab6hkSlQ,UCvcGy6uMg0kwTyEab6hkSlQ,,
2AM,76700,2025/11/8,28006,CA,https://www.youtube.com/channel/UCI7XWNL-pkqYeY9MLyL5roQ,UCI7XWNL-pkqYeY9MLyL5roQ,,
Dregs One,72800,2025/11/14,6554,US,https://www.youtube.com/channel/UCJYSjII3TW0Ghkud4Pe9wHQ,UCJYSjII3TW0Ghkud4Pe9wHQ,,
SonderingEmily,72700,2025/11/15,241,US,https://www.youtube.com/channel/UCtyrZ2RsGloiJBiK8lFLIvg,UCtyrZ2RsGloiJBiK8lFLIvg,,
Shutterbug Raaj,72000,2025/11/9,7465,IN,https://www.youtube.com/channel/UCHJn70PFE7pB7oTLZuCbTTA,UCHJn70PFE7pB7oTLZuCbTTA,,
Technical Rohit Vyas,71900,2025/11/14,916,IN,https://www.youtube.com/channel/UCkpQBuT3msBxlOMibryJa3w,UCkpQBuT3msBxlOMibryJa3w,,
Sean Dove,71000,,,AU,https://www.youtube.com/channel/UC5QgEOuV9CzBCC8XFTV6ZQg,UC5QgEOuV9CzBCC8XFTV6ZQg,,
Print Farm Academy,70500,2025/11/12,18101,US,https://www.youtube.com/channel/UCZ6-dHJvX2K5z0Gx6SGIeWw,UCZ6-dHJvX2K5z0Gx6SGIeWw,,
골드메탈,69700,2025/11/7,1475,KR,https://www.youtube.com/channel/UCw_N-Q_eYJo-IJFbNkhiYDA,UCw_N-Q_eYJo-IJFbNkhiYDA,,
Karla Almonte,68800,2025/11/10,283,US,https://www.youtube.com/channel/UCwYQt0QuUx6U0MRunad1l7A,UCwYQt0QuUx6U0MRunad1l7A,,
Artindi,68500,2025/11/8,37741,US,https://www.youtube.com/channel/UC-X348Le6FmIfc9zxH4KYNA,UC-X348Le6FmIfc9zxH4KYNA,,
Jacob Zirkle,68400,2025/11/12,7674,US,https://www.youtube.com/channel/UCWB2cxFgUbCg79XiGKr41GA,UCWB2cxFgUbCg79XiGKr41GA,,
Cascadeur - The Future of Animation,68000,2025/11/14,424,,https://www.youtube.com/channel/UCwF6yYbIFJmB5ynAkzq9Psg,UCwF6yYbIFJmB5ynAkzq9Psg,,
3D Printer Academy Tutorials,67700,2025/10/26,1970,US,https://www.youtube.com/channel/UCiO5QVCba_fW_GURw7ZG3qw,UCiO5QVCba_fW_GURw7ZG3qw,,
Alfie Vaughan,66500,2025/9/28,38637,GB,https://www.youtube.com/channel/UC9uVcpm6-0w6Tp4F7Xm_R-Q,UC9uVcpm6-0w6Tp4F7Xm_R-Q,,
DevWorm,66300,2025/7/11,19517,US,https://www.youtube.com/channel/UCSehnx-yuPok8rOWlPIGGOQ,UCSehnx-yuPok8rOWlPIGGOQ,,
Makan Gilani,66000,2024/5/21,244314,,https://www.youtube.com/channel/UCHvP2UfnCAT-yONTVxjLgYw,UCHvP2UfnCAT-yONTVxjLgYw,,
3D Printing Professor,63000,2025/11/12,612,US,https://www.youtube.com/channel/UCJk5KVaJVBEEl_jP5gKjoDw,UCJk5KVaJVBEEl_jP5gKjoDw,,
Layers of Dylan,62800,2025/11/15,2260,US,https://www.youtube.com/channel/UCK6hhqTTTHWoub9SStsdFYg,UCK6hhqTTTHWoub9SStsdFYg,,
편집하는남자,60300,2025/11/16,3,KR,https://www.youtube.com/channel/UCbTbuhbYPJoGCHd93di7IWQ,UCbTbuhbYPJoGCHd93di7IWQ,,
3DPrintingPro,60300,2024/3/29,3118,US,https://www.youtube.com/channel/UCbv2mDrRqXovPdahRyoCFhA,UCbv2mDrRqXovPdahRyoCFhA,,
RHINO TUTORIALS,58400,2025/11/5,923,PL,https://www.youtube.com/channel/UCsWpNdwxf0I3ffkedM505xA,UCsWpNdwxf0I3ffkedM505xA,,
Alamin,56900,2025/11/16,3618,US,https://www.youtube.com/channel/UCHNWKXRh_O3oX5ew47lW44Q,UCHNWKXRh_O3oX5ew47lW44Q,,
Benjamin Leitgeb,54200,2025/1/29,8845,IT,https://www.youtube.com/channel/UCTyC4mw11lUEsHd7yWvBbjw,UCTyC4mw11lUEsHd7yWvBbjw,,
즈랑,52900,2025/11/16,14207,,https://www.youtube.com/channel/UCsBRzl28bxwukBr8bXYXbYA,UCsBRzl28bxwukBr8bXYXbYA,,
GUNPLABO건프라보,50500,2025/11/16,1003,KR,https://www.youtube.com/channel/UCie6H2bRMe_JnLqEFbe4H4A,UCie6H2bRMe_JnLqEFbe4H4A,,
레드 와이키키,49400,2025/11/11,3310,KR,https://www.youtube.com/channel/UC7H_zMgdF5zNabWTnPScAEw,UC7H_zMgdF5zNabWTnPScAEw,,
오후다섯씨,48500,2025/11/14,2,KR,https://www.youtube.com/channel/UCgMUR5LrlKuP6Ot0ZBem8Nw,UCgMUR5LrlKuP6Ot0ZBem8Nw,,
The Blenderender,47800,2025/10/25,1152,NL,https://www.youtube.com/channel/UC3X5qM9wpNyh7ZTO5nZWITw,UC3X5qM9wpNyh7ZTO5nZWITw,,
STUDIO KLESIS,47300,2025/11/14,5822,KR,https://www.youtube.com/channel/UCbiT3MAaKmxTrgF3ln-HVwA,UCbiT3MAaKmxTrgF3ln-HVwA,,
AZTechnology,47000,2025/9/21,5284,KR,https://www.youtube.com/channel/UCpp1xltFiMwO1BHTHwuS7UA,UCpp1xltFiMwO1BHTHwuS7UA,,
Little Art Talks,46800,2023/9/24,2140,US,https://www.youtube.com/channel/UCnrh8VjdQiHDSWsnAUPVWww,UCnrh8VjdQiHDSWsnAUPVWww,,
꧁꽃비 ASMR꧂,46600,2025/7/1,3749,KR,https://www.youtube.com/channel/UCjTKj1K7OuxDhfqyW2H5BJA,UCjTKj1K7OuxDhfqyW2H5BJA,,
패스트캠퍼스,46200,2025/11/12,649,KR,https://www.youtube.com/channel/UC1LzvduPSKr9puUr-WJo9AA,UC1LzvduPSKr9puUr-WJo9AA,,
3D Prints&Builds,44100,2025/11/16,789,EE,https://www.youtube.com/channel/UCHyxt0Fz-HsA_-aH9v7WRLA,UCHyxt0Fz-HsA_-aH9v7WRLA,,
숏펀지,44000,2025/11/16,1163086,,https://www.youtube.com/channel/UCEDhmwkEvnnG62jELtEVtGA,UCEDhmwkEvnnG62jELtEVtGA,,
Triton Print 3D,43300,2025/11/9,2346,,https://www.youtube.com/channel/UCjdfjOU81IJz-rkFJBqlohw,UCjdfjOU81IJz-rkFJBqlohw,,
디자인편집샵 / Beyond Better Brand / BBB,42800,2025/11/14,9081,KR,https://www.youtube.com/channel/UCBcC8kBpIRs3BOaAODXh7WQ,UCBcC8kBpIRs3BOaAODXh7WQ,,
Dave / GameDevelopment,42800,2023/4/2,22008,US,https://www.youtube.com/channel/UCIWlCE2kt0RXCJLRp8HjhiQ,UCIWlCE2kt0RXCJLRp8HjhiQ,,
까망고니,42700,2025/10/28,519,KR,https://www.youtube.com/channel/UC0_NSkjGfkc1x2TLsQrz1Kg,UC0_NSkjGfkc1x2TLsQrz1Kg,,
MELR멜,42700,2025/11/12,1938,KR,https://www.youtube.com/channel/UCOKyeNGwEO_4JzNZpB0rqWA,UCOKyeNGwEO_4JzNZpB0rqWA,,
Sost cgTeCH,42300,2025/10/15,3784,TZ,https://www.youtube.com/channel/UCiHXOIBvWCUOh-hg9QdcEwQ,UCiHXOIBvWCUOh-hg9QdcEwQ,,
3DBONFIRE,41300,2025/10/29,2233,,https://www.youtube.com/channel/UCra-HdzzuBRQByUSJ4ubQOg,UCra-HdzzuBRQByUSJ4ubQOg,,
Rhino 3D (Rhinoceros3d official),41200,2025/9/24,4202,US,https://www.youtube.com/channel/UCFk2HeZDZprti9Sm5LWeMPA,UCFk2HeZDZprti9Sm5LWeMPA,,
AI김박사,40400,2025/7/28,38127,KR,https://www.youtube.com/channel/UCrV2hO-zcxTsZRR6l0nTlFw,UCrV2hO-zcxTsZRR6l0nTlFw,,
3D Beast,40000,2025/9/25,2507,US,https://www.youtube.com/channel/UCpJFDcvGuDMVE7GoAvkrGmw,UCpJFDcvGuDMVE7GoAvkrGmw,,
오토데스크코리아,39900,2025/11/16,162,KR,https://www.youtube.com/channel/UCPEEiW5Qcl14XaVN5OErnbQ,UCPEEiW5Qcl14XaVN5OErnbQ,,
김이솝의 AI 가이드,39800,2025/11/16,1930,,https://www.youtube.com/channel/UCjf8cxzqPlayWaJpmtvNC-A,UCjf8cxzqPlayWaJpmtvNC-A,,
TinkerTwist - 3D Printing,39800,2025/11/14,137503,US,https://www.youtube.com/channel/UCNJOHNmZAV5ZgwT8GBjadJg,UCNJOHNmZAV5ZgwT8GBjadJg,,
CG맨,39200,2025/10/21,1385,KR,https://www.youtube.com/channel/UCl4SM5lq--jqqI2u1z8Gfng,UCl4SM5lq--jqqI2u1z8Gfng,,
Visual Novel Design,39000,2025/9/30,4395,US,https://www.youtube.com/channel/UCWnLn-_RWxxgUenIY80KIPw,UCWnLn-_RWxxgUenIY80KIPw,,
3D Printed Props,38800,2025/11/5,225,US,https://www.youtube.com/channel/UCWK7kvUqsVLYfEtSMcwXT5g,UCWK7kvUqsVLYfEtSMcwXT5g,,
San Francisco Symphony,38500,2025/9/30,1980,,https://www.youtube.com/channel/UC0wRztEPtQWDXUybBpYRpaA,UC0wRztEPtQWDXUybBpYRpaA,,
San Francisco Ballet,38100,2025/11/12,16378,US,https://www.youtube.com/channel/UCAoVP6N_o0uhnxMsZiIigcA,UCAoVP6N_o0uhnxMsZiIigcA,,
inventormiguel,37300,2025/11/16,568,BR,https://www.youtube.com/channel/UCtKR9x60aF8SG8qngDc7elA,UCtKR9x60aF8SG8qngDc7elA,,
Stay Ready To 3D Print,37000,2025/11/5,3890,US,https://www.youtube.com/channel/UCXS90ukmtQo2kg3Ydf-cj3A,UCXS90ukmtQo2kg3Ydf-cj3A,,
적쌤,36900,2025/11/17,6845,,https://www.youtube.com/channel/UCHH9-LD2CseEkitqik82AQA,UCHH9-LD2CseEkitqik82AQA,,
Christopher 3D,36200,2025/11/13,2897,US,https://www.youtube.com/channel/UCu_PgLQjx8GI_Soe39PpC5Q,UCu_PgLQjx8GI_Soe39PpC5Q,,
인공지능 한이룸,35600,2025/11/14,1808,KR,https://www.youtube.com/channel/UCUxQ8mc0TJZP9NC1Wj9NUOg,UCUxQ8mc0TJZP9NC1Wj9NUOg,,
AI놀이터,34200,2025/11/10,1326,KR,https://www.youtube.com/channel/UCTr21s93d_hqeFtDqd8bQHw,UCTr21s93d_hqeFtDqd8bQHw,,
3D Print Dood,34200,2025/11/12,8208,US,https://www.youtube.com/channel/UCQz_bT9XdLZutlin8ULpfhA,UCQz_bT9XdLZutlin8ULpfhA,,
미노엔,33400,,,,https://www.youtube.com/channel/UClSKDeTRRciNq6GWSI9BKKg,UClSKDeTRRciNq6GWSI9BKKg,,
지니,32900,2024/9/12,24971,KR,https://www.youtube.com/channel/UCyZKmfImrZXeD2A0yPOqd2w,UCyZKmfImrZXeD2A0yPOqd2w,,
10X AI Club,32800,2025/4/14,13154,,https://www.youtube.com/channel/UCuWyONMstc7XVweGiHS38ZA,UCuWyONMstc7XVweGiHS38ZA,,
토크아이티(Talk IT),32400,2025/11/16,20,KR,https://www.youtube.com/channel/UCIIxE0wO6-BFt1H_bi8KqtQ,UCIIxE0wO6-BFt1H_bi8KqtQ,,
"Freedom Arts - 3D, AI & PC Tutorials",32300,2025/11/13,132,MY,https://www.youtube.com/channel/UCPi437n6fBnO_z0vexNgv_w,UCPi437n6fBnO_z0vexNgv_w,,
KeenTools,32300,2025/11/13,12155,US,https://www.youtube.com/channel/UCUL9n86w1_MYQmdg-aRhJDg,UCUL9n86w1_MYQmdg-aRhJDg,,
저세상개발자,30700,2025/11/12,22470,KR,https://www.youtube.com/channel/UCRIomWe2by56WTTeoRFdEJA,UCRIomWe2by56WTTeoRFdEJA,,
프로그래머 김플 스튜디오,30600,2025/2/15,1193,KR,https://www.youtube.com/channel/UCdNSo3yB5-FRTFGbUNKNnwQ,UCdNSo3yB5-FRTFGbUNKNnwQ,,
KRAFTON,30600,2025/11/13,13210,KR,https://www.youtube.com/channel/UCL-jo6xxhd52BavMVKclBJw,UCL-jo6xxhd52BavMVKclBJw,,
VFX Grace,30100,2025/11/13,5827,US,https://www.youtube.com/channel/UCi1gfzh-ZIQjphg2Xkj_OLA,UCi1gfzh-ZIQjphg2Xkj_OLA,,
ICON,30100,2025/11/12,64505,US,https://www.youtube.com/channel/UCqDIXfCk_j40QhgeNTuhwPA,UCqDIXfCk_j40QhgeNTuhwPA,,
3DQue – Automated 3D Printing & AI,30000,2025/9/3,565,CA,https://www.youtube.com/channel/UCjcaDR6cSaT_dzEXzkq1xEw,UCjcaDR6cSaT_dzEXzkq1xEw,,
여성동아,29900,2025/11/17,229,KR,https://www.youtube.com/channel/UCjGNfYjt4YF9Ni-re6eikaw,UCjGNfYjt4YF9Ni-re6eikaw,,
Satyam AI,29500,2025/11/16,315,IN,https://www.youtube.com/channel/UCPpecwq3qib6yHtbllnkemw,UCPpecwq3qib6yHtbllnkemw,,
EVP Channel,29400,2025/11/16,26,KR,https://www.youtube.com/channel/UCB_yOR4lWua5t8g9JpUodJA,UCB_yOR4lWua5t8g9JpUodJA,,
AI 겸임교수 이종범,29400,2025/11/15,1581,KR,https://www.youtube.com/channel/UCztt42h03X49HFRGW9--Bhg,UCztt42h03X49HFRGW9--Bhg,,
블링 블렌더,28500,2025/3/24,1184,KR,https://www.youtube.com/channel/UCeFFoDTFbijQpalmbJyS6mg,UCeFFoDTFbijQpalmbJyS6mg,,
CouchFerret makes Games,28300,2020/4/16,15995,HU,https://www.youtube.com/channel/UCp5WDvPDLCkSZWp9hP5xIvQ,UCp5WDvPDLCkSZWp9hP5xIvQ,,
NewJeans - Topic,28100,,,,https://www.youtube.com/channel/UCxOqS3cYg4FaHbobICo7nFQ,UCxOqS3cYg4FaHbobICo7nFQ,,
AI 오프너,27600,2025/11/16,2,KR,https://www.youtube.com/channel/UC3euqEWXruC9aAtfpgZBiMQ,UC3euqEWXruC9aAtfpgZBiMQ,,
카페인3D,27600,2025/9/23,6001,KR,https://www.youtube.com/channel/UCVh-Cf5beC6vH9lbIyLUa8g,UCVh-Cf5beC6vH9lbIyLUa8g,,
Shaullim,27600,2025/7/18,36838,US,https://www.youtube.com/channel/UC6lgmsvCr3K252NPPqcQS-w,UC6lgmsvCr3K252NPPqcQS-w,,
Harsh Gautam,27500,2025/11/14,15954,US,https://www.youtube.com/channel/UCG6v_5aFoc4AOipNDzxQOkg,UCG6v_5aFoc4AOipNDzxQOkg,,
3DWolf,27500,2025/9/10,3704,IN,https://www.youtube.com/channel/UCMznAz52INVYSOa6bt_xu3w,UCMznAz52INVYSOa6bt_xu3w,,
SPR Gallery,27300,2025/10/25,3922,IN,https://www.youtube.com/channel/UCVC67DF-7_eiVamzlJ7ccXQ,UCVC67DF-7_eiVamzlJ7ccXQ,,
Bilawal Sidhu,26800,2025/11/15,6035,US,https://www.youtube.com/channel/UC7bGK0A1weWfNaRfO0hGVdg,UC7bGK0A1weWfNaRfO0hGVdg,,
အောင်မင်း 2D 3D,26600,2025/11/15,7864,TH,https://www.youtube.com/channel/UCrJkIRG4fWPVwewrVPbrYTQ,UCrJkIRG4fWPVwewrVPbrYTQ,,
엔드플랜 Endplan AI,25300,2025/11/1,57890,KR,https://www.youtube.com/channel/UCZ4mb62ECiTMw8DcbBcMLmA,UCZ4mb62ECiTMw8DcbBcMLmA,,
Swoop Nebula,24900,2025/10/29,37284,US,https://www.youtube.com/channel/UCKAbjlK2R1FUsiWIeCUVhIA,UCKAbjlK2R1FUsiWIeCUVhIA,,
피튜브,24700,2025/11/12,4158,KR,https://www.youtube.com/channel/UCd7KZCoLd9JK_wNuLHQBPOA,UCd7KZCoLd9JK_wNuLHQBPOA,,
3DCoat,24700,2025/11/5,497,,https://www.youtube.com/channel/UCkj0Q5hTgsyROJU4dlNu0Mg,UCkj0Q5hTgsyROJU4dlNu0Mg,,
Darkfall,24700,2022/7/13,11987,GB,https://www.youtube.com/channel/UCOUWVGNhcHEICE8AjR8up3g,UCOUWVGNhcHEICE8AjR8up3g,,
VuVuu Inc.,24100,2025/11/16,3356,US,https://www.youtube.com/channel/UCXU6sW7I3If7Gx9yxOWqOfw,UCXU6sW7I3If7Gx9yxOWqOfw,,
오늘코딩,23900,2025/10/29,4974,KR,https://www.youtube.com/channel/UCGDJ6xYxrs9ijplSnY8GrHg,UCGDJ6xYxrs9ijplSnY8GrHg,,
조피디 연구소 JoPD LAB,23600,2025/11/11,1674,KR,https://www.youtube.com/channel/UCuCzulk9kEH8e97QFF6YBfQ,UCuCzulk9kEH8e97QFF6YBfQ,,
Jatin Tech Talks,23600,2025/11/17,83,IN,https://www.youtube.com/channel/UCYWo4n3iEmp3bAh9Cdd7vjQ,UCYWo4n3iEmp3bAh9Cdd7vjQ,,
Rohit Verma,23500,2025/11/11,1263,IN,https://www.youtube.com/channel/UCPtI7IJLxHq_VPGWnkMWNWA,UCPtI7IJLxHq_VPGWnkMWNWA,,
북리지,23300,2025/11/14,4917,KR,https://www.youtube.com/channel/UCl3N7XHLxcAeVtTZajvPatw,UCl3N7XHLxcAeVtTZajvPatw,,
Zero to AI Hero,23100,2025/11/16,4612,GB,https://www.youtube.com/channel/UCK-Yq0PKk97nWXNSqmLeXOg,UCK-Yq0PKk97nWXNSqmLeXOg,,
Sanctus - Blender 3D,22900,2025/10/19,1520,FR,https://www.youtube.com/channel/UCbpufmitzveCegE83tmclaA,UCbpufmitzveCegE83tmclaA,,
Sketch Design Craft,22900,2025/11/16,1093,FR,https://www.youtube.com/channel/UCU37dpt1eJx_PsGUW1yw-9Q,UCU37dpt1eJx_PsGUW1yw-9Q,,
쇼츠공장,22200,2023/2/15,17630,KR,https://www.youtube.com/channel/UCGNC-menSSUj2HvALTaMK5A,UCGNC-menSSUj2HvALTaMK5A,,
Unreal Germany,21800,2025/11/6,14705,DE,https://www.youtube.com/channel/UC3EwycoR7r6wtAKk8kwaoyg,UC3EwycoR7r6wtAKk8kwaoyg,,
이슈저장소_DISV,21600,2025/5/27,1789,,https://www.youtube.com/channel/UC5GqhULOUFc7Twh6n_U_fxg,UC5GqhULOUFc7Twh6n_U_fxg,,
Drifting Walnut,21600,2025/11/12,3362,,https://www.youtube.com/channel/UCy2duHBwZeKiJQmhGDaam1Q,UCy2duHBwZeKiJQmhGDaam1Q,,
숏마나,21500,2025/11/16,11601,KR,https://www.youtube.com/channel/UCcf0TYUGclFNxeUFijgxL6w,UCcf0TYUGclFNxeUFijgxL6w,,
ALL YOUR TECH 3D Printing,21500,2024/2/10,1066,US,https://www.youtube.com/channel/UCnzwx4nr25PCui9vmIV2dYg,UCnzwx4nr25PCui9vmIV2dYg,,
Brandon Santana,20700,2025/10/10,4685,US,https://www.youtube.com/channel/UC1ryynBWS7T3LY9k7qbyFzw,UC1ryynBWS7T3LY9k7qbyFzw,,
디자이너 덕디,20600,2025/11/16,1120,KR,https://www.youtube.com/channel/UCXWPZ-pCzj2xPc8bNOqvJlg,UCXWPZ-pCzj2xPc8bNOqvJlg,,
Mr. B's Brain,20300,2025/1/21,2859,US,https://www.youtube.com/channel/UCn2LD5eMhTMeCBa8Tr70qQg,UCn2LD5eMhTMeCBa8Tr70qQg,,
블렌더하는 땅킹,19800,2025/11/5,17518,KR,https://www.youtube.com/channel/UCHhLlESMqmvKlWCNQzobAkQ,UCHhLlESMqmvKlWCNQzobAkQ,,
Parveen 3D Artist,19600,2025/11/15,4472,IN,https://www.youtube.com/channel/UCLIuP-S7p4HSl0gPnde69pg,UCLIuP-S7p4HSl0gPnde69pg,,
Lighthoof Dryden,19600,2025/11/14,1697,US,https://www.youtube.com/channel/UCId6dSaE77w7C6y910enyng,UCId6dSaE77w7C6y910enyng,,
드론회사사람들,19100,2025/11/17,0,KR,https://www.youtube.com/channel/UCDvDDqKD9nkysD0Qoo8kmpQ,UCDvDDqKD9nkysD0Qoo8kmpQ,,
고라니TV - 게임개발 채널,19100,2025/7/5,626,KR,https://www.youtube.com/channel/UCqzWomWZKZUKOdT0sQdWFPQ,UCqzWomWZKZUKOdT0sQdWFPQ,,
Stefan 3D AI Lab,19000,2025/11/16,1176,ME,https://www.youtube.com/channel/UCRW08KcTVjXEmBzBsVl7XjA,UCRW08KcTVjXEmBzBsVl7XjA,,
uc studio,18900,2025/11/15,16263,UG,https://www.youtube.com/channel/UC7c_rUTT8mbhAcgGikivfQQ,UC7c_rUTT8mbhAcgGikivfQQ,,
Hamza N. Meo,18900,2025/9/21,2366,GB,https://www.youtube.com/channel/UCZOjKc_1BvWBktn6ZcDPH9g,UCZOjKc_1BvWBktn6ZcDPH9g,,
DesignGoRhythm,18500,2025/11/15,41,IN,https://www.youtube.com/channel/UCeGlcwE6gmXTYZfWeuIfggA,UCeGlcwE6gmXTYZfWeuIfggA,,
숏츠랜드,17300,2025/11/17,13576,KR,https://www.youtube.com/channel/UC1Y8cR5EuLGjDyLgdO6mFyg,UC1Y8cR5EuLGjDyLgdO6mFyg,,
Le Lu,17000,2025/11/9,5608,VE,https://www.youtube.com/channel/UCLYiSRFVyFVq72ZRLzQnSEQ,UCLYiSRFVyFVq72ZRLzQnSEQ,,
OffDaBench,16800,2025/11/13,743,US,https://www.youtube.com/channel/UCZqtMUN5an-JMagZMBOKA6g,UCZqtMUN5an-JMagZMBOKA6g,,
VirtualThreads - 3D Mockup Generator,16600,2025/11/12,1547,,https://www.youtube.com/channel/UCXbcT8CAizrH_VvrkDhAKvg,UCXbcT8CAizrH_VvrkDhAKvg,,
3D AI FUN,16600,2025/11/16,2159,IN,https://www.youtube.com/channel/UC6dpa_nii4RRuam7Z3DFRDQ,UC6dpa_nii4RRuam7Z3DFRDQ,,
EZ Unreal,16400,2025/11/14,1284,HR,https://www.youtube.com/channel/UC9mi7i2_KEthCozkAFz3AgA,UC9mi7i2_KEthCozkAFz3AgA,,
베르의 게임 개발 유튜브,16400,2022/11/17,9917,KR,https://www.youtube.com/channel/UC9j37A2ACL9ooSbsT4mtGww,UC9j37A2ACL9ooSbsT4mtGww,,
Thomas Stewart,16200,2025/10/10,2393,US,https://www.youtube.com/channel/UCzW1rJo_rZgBMXP0FTSFsAg,UCzW1rJo_rZgBMXP0FTSFsAg,,
튜이시,16000,2025/11/13,15,,https://www.youtube.com/channel/UChsu7XYyW28xF2xzbZFdysA,UChsu7XYyW28xF2xzbZFdysA,,
VFXEdu,15900,2025/11/16,499,KR,https://www.youtube.com/channel/UC3BaoTQ0TngNK0amK4I78Aw,UC3BaoTQ0TngNK0amK4I78Aw,,
놀고 싶은 노리_Nori the Playful,15700,2025/11/16,4169,KR,https://www.youtube.com/channel/UChlaPXU4xCwTcDgM42gbGKg,UChlaPXU4xCwTcDgM42gbGKg,,
디자이너 우앙 Oingt,15600,2025/11/15,4990,KR,https://www.youtube.com/channel/UCsBsU2OW1f1J4d93JRP3IgA,UCsBsU2OW1f1J4d93JRP3IgA,,
Simon Thommes,15400,2019/12/17,47590,DE,https://www.youtube.com/channel/UCzCcofKd2wi8UvdutOkxp2w,UCzCcofKd2wi8UvdutOkxp2w,,
maoly_studio,14800,2025/10/11,2568,,https://www.youtube.com/channel/UC1UILYDfxQHygvzlH7_uhdA,UC1UILYDfxQHygvzlH7_uhdA,,
Ana Carolina Art,14500,2023/2/23,15816,US,https://www.youtube.com/channel/UCuUG_ols4-b-4Dl8efvBeNg,UCuUG_ols4-b-4Dl8efvBeNg,,
3d illusions,14400,2025/9/22,180,GB,https://www.youtube.com/channel/UCN3DDqJGvLOi6Q8bGLhBhVg,UCN3DDqJGvLOi6Q8bGLhBhVg,,
spread education,14400,2025/11/17,0,IN,https://www.youtube.com/channel/UCFT-z_fcvOPsjMAFEWs-eag,UCFT-z_fcvOPsjMAFEWs-eag,,
NDC,14300,2025/8/12,2483,KR,https://www.youtube.com/channel/UC3ZjKSQX9JJRCjw3aSrBXSg,UC3ZjKSQX9JJRCjw3aSrBXSg,,
민스틴 Minstin,14200,2025/11/15,25389,KR,https://www.youtube.com/channel/UCrpKq_Q4lYKOduDFUFU1LTQ,UCrpKq_Q4lYKOduDFUFU1LTQ,,
Sebastian Patrick P.,13800,,,,https://www.youtube.com/channel/UCbJ1ItrGRaY7lSIDpwxNyVg,UCbJ1ItrGRaY7lSIDpwxNyVg,,
Ai Pro Mind,13700,2025/11/16,2133,IN,https://www.youtube.com/channel/UCNsS5xEmVcFZOl90ojSJnYg,UCNsS5xEmVcFZOl90ojSJnYg,,
VISUALISM 비주얼리즘,13600,2025/10/21,1446,KR,https://www.youtube.com/channel/UCL_gUlXYk-S79i2Piql21zQ,UCL_gUlXYk-S79i2Piql21zQ,,
딥러닝논문읽기모임,13500,2025/11/1,443,KR,https://www.youtube.com/channel/UCDULrK2OJsiDhFroa2Aj_LQ,UCDULrK2OJsiDhFroa2Aj_LQ,,
真探玩赚AI,13400,2025/11/15,6,HK,https://www.youtube.com/channel/UClYX0s4Ck8jkjpNye1bZ5Ig,UClYX0s4Ck8jkjpNye1bZ5Ig,,
Vizcom,13300,2025/11/12,1594,US,https://www.youtube.com/channel/UCU-XOa74z1aGdZRyvRBQ6UQ,UCU-XOa74z1aGdZRyvRBQ6UQ,,
PixelFire,13300,2025/11/13,13,US,https://www.youtube.com/channel/UCYk-yy4tkrWpvYu_iM6fjtA,UCYk-yy4tkrWpvYu_iM6fjtA,,
AISchool,13100,2025/11/13,298,KR,https://www.youtube.com/channel/UCSOYuo3uOG3GCUFIeB4or7A,UCSOYuo3uOG3GCUFIeB4or7A,,
Microsoft Game Dev,13100,2025/11/6,1830,US,https://www.youtube.com/channel/UCaCZHrQg_-qPrYIVsTFuUHg,UCaCZHrQg_-qPrYIVsTFuUHg,,
KIRI Engine - 3D Scanner App,13000,2025/11/14,1742,CA,https://www.youtube.com/channel/UCZ4BZY8jLuaQpzBuMqZCEFg,UCZ4BZY8jLuaQpzBuMqZCEFg,,
My 3D Print Lab,12900,2025/11/15,204,US,https://www.youtube.com/channel/UCiztUNUXkvetzfe-UR-y06w,UCiztUNUXkvetzfe-UR-y06w,,
unreal magic,12800,2025/5/8,2769,AT,https://www.youtube.com/channel/UClYR7ilx78ng-vol35LHm-Q,UClYR7ilx78ng-vol35LHm-Q,,
Vistasculpt,12700,2025/7/28,192221,,https://www.youtube.com/channel/UCrdndKrdH1mhsjsG9MN3ieA,UCrdndKrdH1mhsjsG9MN3ieA,,
Kams1,12400,2025/10/23,4523,,https://www.youtube.com/channel/UCYn4kU-hHkovqc3vHlQveUQ,UCYn4kU-hHkovqc3vHlQveUQ,,
PixelArtistry,12400,2025/11/16,1608,,https://www.youtube.com/channel/UCRGb8yCnI5-upL3hT4oiOZw,UCRGb8yCnI5-upL3hT4oiOZw,,
Digital Clay,12300,2023/9/6,451,IT,https://www.youtube.com/channel/UC_JzGeCHnGFHLFWynzX4zhA,UC_JzGeCHnGFHLFWynzX4zhA,,
Benji 3D,12200,2025/3/25,976,US,https://www.youtube.com/channel/UCXm3PIaUkWomn0d2O-KS0mw,UCXm3PIaUkWomn0d2O-KS0mw,,
서울대학교AI연구원,11800,2025/10/22,551,KR,https://www.youtube.com/channel/UCrBnlsMvvKlRgUESkV_CwXA,UCrBnlsMvvKlRgUESkV_CwXA,,
uMake,11700,2025/5/2,691,US,https://www.youtube.com/channel/UCD832jnj8O-H9IzYGQautxA,UCD832jnj8O-H9IzYGQautxA,,
PowerPro Academy,11700,2025/11/12,1622,IN,https://www.youtube.com/channel/UCFm7o3PHs5dpTOJgZrxz16Q,UCFm7o3PHs5dpTOJgZrxz16Q,,
밤맛살의 게임 채널,11700,2025/11/16,10632,KR,https://www.youtube.com/channel/UCeB5iwEnAxDs2vOjFAVWnew,UCeB5iwEnAxDs2vOjFAVWnew,,
Rock Aftab71,11300,2025/11/16,2157,IN,https://www.youtube.com/channel/UCfxdTnK7EM2sxGS089mclMg,UCfxdTnK7EM2sxGS089mclMg,,
산돌구름,11100,2025/11/11,1712,KR,https://www.youtube.com/channel/UCuRZZU1ADwckjxeJqDNJPkQ,UCuRZZU1ADwckjxeJqDNJPkQ,,
The 3D Print Zone,11000,2025/11/10,1940,US,https://www.youtube.com/channel/UCghGnerjapvhQsnTicj7Fkw,UCghGnerjapvhQsnTicj7Fkw,,
Annabelle Sémaan,10900,2025/8/25,7,CA,https://www.youtube.com/channel/UCejRTGkHeKoEyxeMBVMVf5w,UCejRTGkHeKoEyxeMBVMVf5w,,
Unity Adventure,10800,2025/10/11,364,FR,https://www.youtube.com/channel/UCAkc1h6gEaYYB--kViv1wPQ,UCAkc1h6gEaYYB--kViv1wPQ,,
안심팩토리_지선,10800,2025/11/6,9184,KR,https://www.youtube.com/channel/UCTpoCP45KSeHXtG5iAEDgsA,UCTpoCP45KSeHXtG5iAEDgsA,,
갓쌤TV - AI미래교육연구회,10700,2025/10/18,1307,KR,https://www.youtube.com/channel/UCGivE0cLydppIwPCbX7i4KA,UCGivE0cLydppIwPCbX7i4KA,,
건축 라이노 | 모어매스,10600,2025/11/13,759,KR,https://www.youtube.com/channel/UC4LL5muUiBgf62d5GmmUffQ,UC4LL5muUiBgf62d5GmmUffQ,,
119생활백서 Survival Guide,10500,2025/11/15,1600,KR,https://www.youtube.com/channel/UCEPLNOX5atP-mKAX7MDy4Rw,UCEPLNOX5atP-mKAX7MDy4Rw,,
Zep To 3D Druck,10400,2021/3/19,20207,DE,https://www.youtube.com/channel/UC7w17-6h6FsAGL8pcDH9vbg,UC7w17-6h6FsAGL8pcDH9vbg,,
윤빌리티,10400,2025/10/29,869,KR,https://www.youtube.com/channel/UCjbE_DFLHbxfk0Y0xj36zag,UCjbE_DFLHbxfk0Y0xj36zag,,
MeshyAI,9790,2025/11/13,239,US,https://www.youtube.com/channel/UCz9e8s9x8QbyyYTGftoXn2g,UCz9e8s9x8QbyyYTGftoXn2g,,
Katsby the ArchiTECH,9700,2025/11/8,375,,https://www.youtube.com/channel/UCoEPsnu7kcFxX_Ceod4793A,UCoEPsnu7kcFxX_Ceod4793A,,
보틀 디자인랩 Bottle Design Lab,9670,2025/11/7,6700,KR,https://www.youtube.com/channel/UCGDthZrly8W8XxkLoZqc65Q,UCGDthZrly8W8XxkLoZqc65Q,,
유훈식 교수 : AI4UX,9650,2025/11/16,65,KR,https://www.youtube.com/channel/UCrlnpSPPleMT-nVpNiWKnJA,UCrlnpSPPleMT-nVpNiWKnJA,,
Unreal Engine 専門講座,9490,2025/10/8,1031,JP,https://www.youtube.com/channel/UCm6cd6DBGvuK9lSiDKx3b2Q,UCm6cd6DBGvuK9lSiDKx3b2Q,,
AI 디자이너 아인 (Designer Ain),9390,2025/5/28,24411,,https://www.youtube.com/channel/UCDVlNIEu4W3JG6JaG5uv17g,UCDVlNIEu4W3JG6JaG5uv17g,,
Creative Corner,9370,2025/4/14,2876,PK,https://www.youtube.com/channel/UCAQzaL2xKN_1DUFPrQ3CfXQ,UCAQzaL2xKN_1DUFPrQ3CfXQ,,
The Next Gen,9100,2025/11/14,188,LK,https://www.youtube.com/channel/UCTGZsXT7xZXB-hBvdpusI9Q,UCTGZsXT7xZXB-hBvdpusI9Q,,
UVA Graphics,8550,2024/8/21,402,IN,https://www.youtube.com/channel/UC6xJq4a1E4e_UOMLZwLb-vw,UC6xJq4a1E4e_UOMLZwLb-vw,,
쭈햄 ㅣ jjuham,8530,2025/11/16,3008,KR,https://www.youtube.com/channel/UCMCXSO-APdo_UGwWVIkdtOQ,UCMCXSO-APdo_UGwWVIkdtOQ,,
할만해진,8530,2025/11/12,687,,https://www.youtube.com/channel/UCbCY63aoBudQ9jQ3mmQatxA,UCbCY63aoBudQ9jQ3mmQatxA,,
Pam Walls Game Design,8530,2025/11/16,194,CA,https://www.youtube.com/channel/UCt4TYeU8YMwtBa6sX8ejIcw,UCt4TYeU8YMwtBa6sX8ejIcw,,
Beyond Blender,8430,2025/7/13,190,GB,https://www.youtube.com/channel/UCMEIjZcLftlS1fF8xtYJHOw,UCMEIjZcLftlS1fF8xtYJHOw,,
"아인프로(구, 프로매니아)",8250,2025/11/16,133,KR,https://www.youtube.com/channel/UCfAW2YkTFeVLdnXnzy8MHWg,UCfAW2YkTFeVLdnXnzy8MHWg,,
게임만드는 G나,8150,2025/2/28,7866,US,https://www.youtube.com/channel/UC623JlhdQtquoHvmzH5anDQ,UC623JlhdQtquoHvmzH5anDQ,,
이르키 | iRKi,8040,2025/10/13,3510,KR,https://www.youtube.com/channel/UCdP0FJ2Z8dbl1fu6NjDJryA,UCdP0FJ2Z8dbl1fu6NjDJryA,,
하나리 hannahLee,7910,2025/7/31,1271,KR,https://www.youtube.com/channel/UCX6G3PmhT4_Ku0DXRvlyNFA,UCX6G3PmhT4_Ku0DXRvlyNFA,,
대충 블렌더하는 사람,7660,2025/8/5,5015,KR,https://www.youtube.com/channel/UCorjqv9Z3NLNL_43_-N8Cqw,UCorjqv9Z3NLNL_43_-N8Cqw,,
Scratch 3DPrinting,7510,2025/11/14,463,US,https://www.youtube.com/channel/UCHQ8tSCQYslpz8KJhqPcCBA,UCHQ8tSCQYslpz8KJhqPcCBA,,
블리bli_d(BLI),7400,2025/9/18,563,KR,https://www.youtube.com/channel/UCZeFxU4IHPQKdvritnKdZXA,UCZeFxU4IHPQKdvritnKdZXA,,
Giovana de Bona,7340,2025/9/2,124,GB,https://www.youtube.com/channel/UCom83rmjxnwnQyLGhJjsHAg,UCom83rmjxnwnQyLGhJjsHAg,,
샤론의꽃シャロンの花,7230,,,,https://www.youtube.com/channel/UCXsQE8zrEmwnLLJrzAdqq6Q,UCXsQE8zrEmwnLLJrzAdqq6Q,,
bd3d,7220,,,,https://www.youtube.com/channel/UCdtlx635Lq69YvDkBsu-Kdg,UCdtlx635Lq69YvDkBsu-Kdg,,
Wizard of Graphics,7090,2024/7/4,222,IN,https://www.youtube.com/channel/UCEbcGxwb6TMuXzlDZ8dzrAw,UCEbcGxwb6TMuXzlDZ8dzrAw,,
Plant 3D - Tutoriales,7080,2025/6/1,585,EC,https://www.youtube.com/channel/UC2H8djigni7wAks76TkaBgA,UC2H8djigni7wAks76TkaBgA,,
Blender Frenzy,6950,2025/11/7,183,US,https://www.youtube.com/channel/UC51VdYf0JdsZc6GlTWyzrBg,UC51VdYf0JdsZc6GlTWyzrBg,,
Jocody Google Workspace Gemini,6860,2025/11/17,46,KR,https://www.youtube.com/channel/UCmmUopfitSvuDnOE7xdUWKQ,UCmmUopfitSvuDnOE7xdUWKQ,,
feeel.d - 필디,6760,2024/12/21,5454,KR,https://www.youtube.com/channel/UC4OyAam2-OOjiY1mStJ6yFA,UC4OyAam2-OOjiY1mStJ6yFA,,
MagiScan 3D - AI 3D Scanner app,6680,2024/11/18,232912,,https://www.youtube.com/channel/UC0VisC-nI_wNIApbzUAqeVQ,UC0VisC-nI_wNIApbzUAqeVQ,,
야케준yakejun,6660,2025/11/16,14,JP,https://www.youtube.com/channel/UCIwugl2kM0lsqC0BIbKjkNw,UCIwugl2kM0lsqC0BIbKjkNw,,
Konehitsu,6580,,,ID,https://www.youtube.com/channel/UCK1CxvtHIMVyA3VFF1J3Ovw,UCK1CxvtHIMVyA3VFF1J3Ovw,,
바코,6520,2025/9/10,788,KR,https://www.youtube.com/channel/UC4XErI-lNL6HuJl6q9NLS0A,UC4XErI-lNL6HuJl6q9NLS0A,,
PRODESIGN,6450,2025/7/25,1839,,https://www.youtube.com/channel/UChCAb299FjSisWATg0IM1sA,UChCAb299FjSisWATg0IM1sA,,
Amelia Scarlett,6420,2024/9/1,42945,,https://www.youtube.com/channel/UCOI2Mia6eIzmZgXXXw_Kl0w,UCOI2Mia6eIzmZgXXXw_Kl0w,,
3d Printed Profits,6340,2024/5/1,313,US,https://www.youtube.com/channel/UCr7tw-Rnz4J60owyI0U5c8g,UCr7tw-Rnz4J60owyI0U5c8g,,
AI디지털잡스 이재인ㅣ 이니언니,6250,2025/9/24,1054,KR,https://www.youtube.com/channel/UCXPLNgDtF6UeVQAn5U3GNCg,UCXPLNgDtF6UeVQAn5U3GNCg,,
Pivot Point,6240,2025/10/9,3962,AZ,https://www.youtube.com/channel/UCmkwbX3Cd5f5GF5BwwUTNAA,UCmkwbX3Cd5f5GF5BwwUTNAA,,
TEX - Design & Engineering,6120,2023/7/11,8454,,https://www.youtube.com/channel/UCuKwUy5BtnIlezlrnjM59KA,UCuKwUy5BtnIlezlrnjM59KA,,
moho,5990,2025/11/14,423,NZ,https://www.youtube.com/channel/UCVFrOG5bzPRYiBh4Az4HETw,UCVFrOG5bzPRYiBh4Az4HETw,,
Blender Cinematic (fxartist_b3d),5970,2024/7/5,2583,IN,https://www.youtube.com/channel/UCXSgYgyNKEPAFxmLXhSHIkA,UCXSgYgyNKEPAFxmLXhSHIkA,,
취미로 언리얼(Unreal as a hobby),5960,2025/7/9,503,,https://www.youtube.com/channel/UCpYNscud7EdXvJE2QAHrvsQ,UCpYNscud7EdXvJE2QAHrvsQ,,
Tech Groww,5920,2025/11/6,95,IN,https://www.youtube.com/channel/UCD-xHrNn6HuumSU-SyZOdHw,UCD-xHrNn6HuumSU-SyZOdHw,,
Nathan Hodgson AI,5870,2025/11/16,937,GB,https://www.youtube.com/channel/UCcUF0dO5lYYspt9-xDUWfyg,UCcUF0dO5lYYspt9-xDUWfyg,,
라핀 | AI 자동화 바이브코딩,5830,2025/11/10,3590,KR,https://www.youtube.com/channel/UCWRWkyubH0HCnjLsXoCCLzQ,UCWRWkyubH0HCnjLsXoCCLzQ,,
더블엘 DoubleL,5420,2025/11/13,700,KR,https://www.youtube.com/channel/UCE3Q3TW_mUD9-Q8B1F38_kQ,UCE3Q3TW_mUD9-Q8B1F38_kQ,,
꿀사이트,5380,2025/11/16,1172,,https://www.youtube.com/channel/UCko3RlJKlaOHxSxYlbyzNXg,UCko3RlJKlaOHxSxYlbyzNXg,,
Slant 3D Print On Demand,5210,2025/11/13,227,US,https://www.youtube.com/channel/UCWCiRaBvAmJIy7XgWTWLayw,UCWCiRaBvAmJIy7XgWTWLayw,,
izzo_tutorials,5170,2025/11/11,1425,,https://www.youtube.com/channel/UCyjL-ngS5JCvjtCvSQ5wq0Q,UCyjL-ngS5JCvjtCvSQ5wq0Q,,
언리얼 클로즈 UNREAL CLOTHES,5160,2025/11/10,1450,KR,https://www.youtube.com/channel/UCi9zof0RlG6XvuZs0b85v1A,UCi9zof0RlG6XvuZs0b85v1A,,
Blender Inn,5050,2025/7/7,698,IN,https://www.youtube.com/channel/UCVuCAUyCsG1TeOeTZt7dkxQ,UCVuCAUyCsG1TeOeTZt7dkxQ,,
오늘의 트리노드,5050,2025/11/14,183,KR,https://www.youtube.com/channel/UCyRIhtMNZfY5jxAGaPi0e7w,UCyRIhtMNZfY5jxAGaPi0e7w,,
,,,,,,,,
